candidate_id,family,kp,ki,kd,profile,calibrated_status,full_rmse,full_mae,full_max_abs_error,settled_rmse,settled_mae,settled_max_abs_error,rate_limit_fraction,saturation_fraction,max_abs_error_step,max_abs_error_is_rate_limited_transition,abs_target_delta,calibration_reasons
p_kp0.100_ki0.000_kd0.000,p,0.1,0.0,0.0,hold-y-eq,PASS,0.07144362562861091,0.07144344127663356,0.07146208364578399,0.07144362562861091,0.07144344127663356,0.07146208364578399,0.0,0.0,8,False,0.0,calibrated case passed
p_kp0.100_ki0.000_kd0.000,p,0.1,0.0,0.0,step64-96,PASS,2.0168083496625897,0.31469565124063886,17.894571215356535,0.06515864736974702,0.06431841877867175,0.07060812917004,0.025,0.0,20,True,32.0,calibrated case passed
p_kp0.100_ki0.000_kd0.000,p,0.1,0.0,0.0,step96-64,PASS,2.0018225625627384,0.29945648875684927,17.77689162018781,0.05432859934242586,0.053328430611695885,0.07060775710122869,0.025,0.0,20,True,32.0,calibrated case passed
p_kp0.100_ki0.000_kd0.000,p,0.1,0.0,0.0,multistep,EXPLAINED_TRANSIENT,7.842419533045425,1.8835823242553318,51.77100764042936,0.056467333230352815,0.05392667467996284,0.07649177195685297,0.0875,0.0,35,True,66.0,max full-window error is explained by rate-limited target-change transient
p_kp0.100_ki0.000_kd0.000,p,0.1,0.0,0.0,lower-range,PASS,1.3892167567105436,0.2325259862077697,11.800427539221545,0.03544864748092478,0.034157230090368855,0.047071838067495264,0.025,0.0,20,True,26.0,calibrated case passed
p_kp0.100_ki0.000_kd0.000,p,0.1,0.0,0.0,sine-approx,PASS,0.07725790175773854,0.062487118771136975,0.13481805183134554,0.05187324082275779,0.05187324082275779,0.05187324082275779,0.0,0.0,42,False,3.479364128750383,calibrated case passed
p_kp0.200_ki0.000_kd0.000,p,0.2,0.0,0.0,hold-y-eq,PASS,0.06559761165017915,0.06559573036226567,0.0700011826243383,0.06559761165017915,0.06559573036226567,0.0700011826243383,0.0,0.0,0,False,0.0,calibrated case passed
p_kp0.200_ki0.000_kd0.000,p,0.2,0.0,0.0,step64-96,PASS,2.0161453705790566,0.3091839575805911,17.89067270228358,0.05979881633306909,0.059040770275708025,0.06480560523620227,0.025,0.0,20,True,32.0,calibrated case passed
p_kp0.200_ki0.000_kd0.000,p,0.2,0.0,0.0,step96-64,PASS,2.002546786259283,0.29763728103562903,17.78273938979723,0.0499257481698081,0.048984183740586974,0.06916432109701987,0.025,0.0,20,True,32.0,calibrated case passed
p_kp0.200_ki0.000_kd0.000,p,0.2,0.0,0.0,multistep,EXPLAINED_TRANSIENT,7.8436992199245426,1.8887961246744993,51.77734272417291,0.05179600904625195,0.04926692800165973,0.07015762597998787,0.0875,0.0,35,True,66.0,max full-window error is explained by rate-limited target-change transient
p_kp0.200_ki0.000_kd0.000,p,0.2,0.0,0.0,lower-range,PASS,1.393354090064397,0.2434298343718917,11.804326052294499,0.03258922590923335,0.03138462853932265,0.046109547398010875,0.025,0.0,20,True,26.0,calibrated case passed
p_kp0.200_ki0.000_kd0.000,p,0.2,0.0,0.0,sine-approx,PASS,0.17504041724331265,0.1540104312613403,0.28783918178673673,0.05187324082275779,0.05187324082275779,0.05187324082275779,0.0,0.0,20,False,2.863716693457775,calibrated case passed
p_kp0.300_ki0.000_kd0.000,p,0.3,0.0,0.0,hold-y-eq,PASS,0.06064215901408923,0.060632768336174966,0.0700011826243383,0.06064215901408923,0.060632768336174966,0.0700011826243383,0.0,0.0,0,False,0.0,calibrated case passed
p_kp0.300_ki0.000_kd0.000,p,0.3,0.0,0.0,step64-96,PASS,2.0158431252780655,0.30765168240742957,17.88737055175629,0.05527204173823931,0.054577274411037234,0.061085628699487415,0.025,0.0,20,True,32.0,calibrated case passed
p_kp0.300_ki0.000_kd0.000,p,0.3,0.0,0.0,step96-64,PASS,2.0034005489419466,0.2963991282420072,17.787692615588156,0.04617967335776341,0.04528047358173448,0.06916432109701987,0.025,0.0,20,True,32.0,calibrated case passed
p_kp0.300_ki0.000_kd0.000,p,0.3,0.0,0.0,multistep,EXPLAINED_TRANSIENT,7.8465856377721215,1.9101060970611137,51.78270871877976,0.04915618879031144,0.046982848016487055,0.08334393921262517,0.0875,0.0,35,True,66.0,max full-window error is explained by rate-limited target-change transient
p_kp0.300_ki0.000_kd0.000,p,0.3,0.0,0.0,lower-range,PASS,1.4111370063506794,0.2712201856051159,11.807628202821775,0.03016916770357582,0.02903673212344093,0.046109547398010875,0.025,0.0,20,True,26.0,calibrated case passed
p_kp0.300_ki0.000_kd0.000,p,0.3,0.0,0.0,sine-approx,PASS,0.36046806894422617,0.32139980432155707,0.5539589226048633,0.05187324082275779,0.05187324082275779,0.05187324082275779,0.0,0.0,60,False,2.863716693457775,calibrated case passed
p_kp0.350_ki0.000_kd0.000,p,0.35,0.0,0.0,hold-y-eq,PASS,0.05843774554081607,0.05842261455296267,0.0700011826243383,0.05843774554081607,0.05842261455296267,0.0700011826243383,0.0,0.0,0,False,0.0,calibrated case passed
p_kp0.350_ki0.000_kd0.000,p,0.35,0.0,0.0,step64-96,PASS,2.015825112412778,0.3072305110276422,17.885901925081626,0.05327860984097661,0.0526075195109533,0.06106661665472757,0.025,0.0,20,True,32.0,calibrated case passed
p_kp0.350_ki0.000_kd0.000,p,0.35,0.0,0.0,step96-64,PASS,2.003891204047148,0.29658915758931237,17.789895555600154,0.044499446190927744,0.043612810301507446,0.06916432109701987,0.025,0.0,20,True,32.0,calibrated case passed
p_kp0.350_ki0.000_kd0.000,p,0.35,0.0,0.0,multistep,EXPLAINED_TRANSIENT,7.84869785928003,1.9225420589652635,51.785095237126995,0.05035493152134333,0.04666302955452677,0.15332754794125947,0.0875,0.0,35,True,66.0,max full-window error is explained by rate-limited target-change transient
p_kp0.350_ki0.000_kd0.000,p,0.35,0.0,0.0,lower-range,PASS,1.4254852783433007,0.2871786423985557,11.809096829496447,0.02910678028922235,0.028005854876554537,0.046109547398010875,0.025,0.0,20,True,26.0,calibrated case passed
p_kp0.350_ki0.000_kd0.000,p,0.35,0.0,0.0,sine-approx,PASS,0.44448703303675,0.39662593471072966,0.7093075016300645,0.05187324082275779,0.05187324082275779,0.05187324082275779,0.0,0.0,1,False,3.754427160965548,calibrated case passed
p_kp0.500_ki0.000_kd0.000,p,0.5,0.0,0.0,hold-y-eq,PASS,0.052704163528242365,0.05266353738384914,0.0700011826243383,0.052704163528242365,0.05266353738384914,0.0700011826243383,0.0,0.0,0,False,0.0,calibrated case passed
p_kp0.500_ki0.000_kd0.000,p,0.5,0.0,0.0,step64-96,PASS,2.016352133898407,0.30775643142251463,17.882080600001046,0.04837204815084861,0.04764016408629781,0.07826050705259036,0.025,0.0,20,True,32.0,calibrated case passed
p_kp0.500_ki0.000_kd0.000,p,0.5,0.0,0.0,step96-64,PASS,2.0057268114191524,0.2986703890984114,17.79562754322103,0.04011360606686478,0.03910109303026,0.06916432109701987,0.025,0.0,20,True,32.0,calibrated case passed
p_kp0.500_ki0.000_kd0.000,p,0.5,0.0,0.0,multistep,EXPLAINED_TRANSIENT,7.858352652190486,1.9741799618435345,51.79130490253087,0.07531728896666524,0.049694892423226326,0.46590072356238466,0.0875,0.0,35,True,66.0,max full-window error is explained by rate-limited target-change transient
p_kp0.500_ki0.000_kd0.000,p,0.5,0.0,0.0,lower-range,PASS,1.4906102772630936,0.3494286402534572,11.812918154577034,0.02729016772444214,0.025510467370615138,0.06821010692019058,0.0375,0.0,20,True,26.0,calibrated case passed
p_kp0.500_ki0.000_kd0.000,p,0.5,0.0,0.0,sine-approx,PASS,0.6653007103086875,0.5930822936782232,1.21432627169132,0.05187324082275779,0.05187324082275779,0.05187324082275779,0.0,0.0,1,False,3.754427160965548,calibrated case passed
p_kp0.750_ki0.000_kd0.000,p,0.75,0.0,0.0,hold-y-eq,PASS,0.04535582558609232,0.04523203736133254,0.0700011826243383,0.04535582558609232,0.04523203736133254,0.0700011826243383,0.0,0.0,0,False,0.0,calibrated case passed
p_kp0.750_ki0.000_kd0.000,p,0.75,0.0,0.0,step64-96,PASS,2.0200790111663114,0.31926172860331226,17.877161020395064,0.05139644200758928,0.04421726973134355,0.2467143479031506,0.025,0.0,20,True,32.0,calibrated case passed
p_kp0.750_ki0.000_kd0.000,p,0.75,0.0,0.0,step96-64,PASS,2.01111292472072,0.31209610895501394,17.803006912629996,0.04345214528518697,0.037562643229324996,0.17255958001635463,0.025,0.0,20,True,32.0,calibrated case passed
p_kp0.750_ki0.000_kd0.000,p,0.75,0.0,0.0,multistep,EXPLAINED_TRANSIENT,7.8931979971654895,2.1348655879218574,51.799473597358556,0.22411278028959586,0.10127602778949332,1.3297965660405424,0.0875,0.0,35,True,66.0,max full-window error is explained by rate-limited target-change transient
p_kp0.750_ki0.000_kd0.000,p,0.75,0.0,0.0,lower-range,PASS,1.5760359360420093,0.4704391676002744,11.817837734183009,0.07091993368354149,0.0415153652341827,0.38236457620138964,0.0375,0.0,20,True,26.0,calibrated case passed
p_kp0.750_ki0.000_kd0.000,p,0.75,0.0,0.0,sine-approx,PASS,0.9551117212381233,0.847317337375228,2.0560242217934217,0.05187324082275779,0.05187324082275779,0.05187324082275779,0.0,0.0,1,False,3.754427160965548,calibrated case passed
pi_kp0.100_ki0.005_kd0.000,pi,0.1,0.005,0.0,hold-y-eq,PASS,0.03731381110883538,0.0332035579439264,0.0700011826243383,0.03731381110883538,0.0332035579439264,0.0700011826243383,0.0,0.0,0,False,0.0,calibrated case passed
pi_kp0.100_ki0.005_kd0.000,pi,0.1,0.005,0.0,step64-96,PASS,2.0933226914163097,0.7161974212323406,17.877949300745726,0.550140301694375,0.45344163039272106,1.0496267664262717,0.025,0.0,20,True,32.0,calibrated case passed
pi_kp0.100_ki0.005_kd0.000,pi,0.1,0.005,0.0,step96-64,PASS,2.094571434900236,0.7479833087199687,17.80182449210399,0.5853421285516572,0.48659301345037437,1.1160670912440267,0.025,0.0,20,True,32.0,calibrated case passed
pi_kp0.100_ki0.005_kd0.000,pi,0.1,0.005,0.0,multistep,EXPLAINED_TRANSIENT,8.175524783991168,2.912850925294586,52.31765747728761,1.538116574112849,1.0814338839578281,3.4890773938316215,0.0875,0.0,35,True,66.0,max full-window error is explained by rate-limited target-change transient
pi_kp0.100_ki0.005_kd0.000,pi,0.1,0.005,0.0,lower-range,PASS,1.4752012821527603,0.5505386871462585,11.817049453832347,0.4323223878716037,0.33387737050950617,0.7949008642993363,0.025,0.0,20,True,26.0,calibrated case passed
pi_kp0.100_ki0.005_kd0.000,pi,0.1,0.005,0.0,sine-approx,PASS,0.3647833807082054,0.32436438269931916,0.5900063380441907,0.05187324082275779,0.05187324082275779,0.05187324082275779,0.0,0.0,30,False,2.445845116521596,calibrated case passed
pi_kp0.100_ki0.010_kd0.000,pi,0.1,0.01,0.0,hold-y-eq,PASS,0.026872801556637613,0.01929506074678624,0.0700011826243383,0.026872801556637613,0.01929506074678624,0.0700011826243383,0.0,0.0,0,False,0.0,calibrated case passed
pi_kp0.100_ki0.010_kd0.000,pi,0.1,0.01,0.0,step64-96,PASS,2.190475895734168,0.8533946811380559,17.866988035891936,0.7803295135400413,0.5559769721276878,2.014402686267374,0.025,0.0,20,True,32.0,calibrated case passed
pi_kp0.100_ki0.010_kd0.000,pi,0.1,0.01,0.0,step96-64,PASS,2.1913291862924575,0.8670207122514111,17.818266389384718,0.7948257966663532,0.5701902776214451,2.0512696800684154,0.025,0.0,20,True,32.0,calibrated case passed
pi_kp0.100_ki0.010_kd0.000,pi,0.1,0.01,0.0,multistep,EXPLAINED_TRANSIENT,8.52042063068565,3.411911939601673,52.49456693199342,2.6484039383242672,1.5639925589823447,7.190054750480645,0.0875,0.0,35,True,66.0,max full-window error is explained by rate-limited target-change transient
pi_kp0.100_ki0.010_kd0.000,pi,0.1,0.01,0.0,lower-range,PASS,1.5672930050482978,0.748279846157958,11.828010718686144,0.6253333411806244,0.4866664864876644,1.4317161721266842,0.025,0.0,20,True,26.0,calibrated case passed
pi_kp0.100_ki0.010_kd0.000,pi,0.1,0.01,0.0,sine-approx,PASS,0.7117770869355511,0.6298261415749166,1.1354040583999847,0.05187324082275779,0.05187324082275779,0.05187324082275779,0.0,0.0,29,False,2.863716693457782,calibrated case passed
pi_kp0.100_ki0.015_kd0.000,pi,0.1,0.015,0.0,hold-y-eq,PASS,0.02207070239820865,0.01314194679429619,0.0700011826243383,0.02207070239820865,0.01314194679429619,0.0700011826243383,0.0,0.0,0,False,0.0,calibrated case passed
pi_kp0.100_ki0.015_kd0.000,pi,0.1,0.015,0.0,step64-96,PASS,2.281326629206546,0.889740320133712,17.859833444751033,0.9048739374073783,0.552996706829014,2.8371579845311885,0.025,0.0,20,True,32.0,calibrated case passed
pi_kp0.100_ki0.015_kd0.000,pi,0.1,0.015,0.0,step96-64,PASS,2.281628267380274,0.8967372066208753,17.828998276096044,0.9114206994192677,0.5603550006677156,2.857234623877744,0.025,0.0,20,True,32.0,calibrated case passed
pi_kp0.100_ki0.015_kd0.000,pi,0.1,0.015,0.0,multistep,EXPLAINED_TRANSIENT,8.84692343110666,3.8190687689799234,52.48573814768996,3.5511447108177996,1.9669782298577365,10.893362412713348,0.1,0.0,35,True,66.0,max full-window error is explained by rate-limited target-change transient
pi_kp0.100_ki0.015_kd0.000,pi,0.1,0.015,0.0,lower-range,PASS,1.658457537111346,0.8563845872176117,11.83516530982704,0.7360037909849739,0.5443083091225426,1.9487566209909346,0.025,0.0,20,True,26.0,calibrated case passed
pi_kp0.100_ki0.015_kd0.000,pi,0.1,0.015,0.0,sine-approx,PASS,1.0204180018971654,0.9015535652420985,1.6127971156711922,0.05187324082275779,0.05187324082275779,0.05187324082275779,0.0,0.0,27,False,3.4793641287503903,calibrated case passed
pi_kp0.100_ki0.030_kd0.000,pi,0.1,0.03,0.0,hold-y-eq,PASS,0.01587541235545548,0.006594885506692627,0.0700011826243383,0.01587541235545548,0.006594885506692627,0.0700011826243383,0.0,0.0,0,False,0.0,calibrated case passed
pi_kp0.100_ki0.030_kd0.000,pi,0.1,0.03,0.0,step64-96,PASS,2.5432272081481706,0.9017447137489057,17.850404147669607,1.0473851302246973,0.45214367802088884,4.565099821426628,0.025,0.0,20,True,32.0,calibrated case passed
pi_kp0.100_ki0.030_kd0.000,pi,0.1,0.03,0.0,step96-64,PASS,2.5431416028771556,0.9040237154907208,17.843142221718182,1.0481065663324551,0.4546140293953741,4.567942278116973,0.025,0.0,20,True,32.0,calibrated case passed
pi_kp0.100_ki0.030_kd0.000,pi,0.1,0.03,0.0,multistep,SETTLED_WARN,9.682292539192662,4.847708318180177,52.1755549539146,5.6480329087795464,2.963514995161731,22.30488201072472,0.1,0.0,35,True,66.0,settled_rmse > settled_warn_rmse; settled_max_abs_error > settled_warn_max_abs_error
pi_kp0.100_ki0.030_kd0.000,pi,0.1,0.03,0.0,lower-range,PASS,1.9032434950659831,0.9749968395594376,11.844594606908466,0.8384375309617448,0.513898429576414,2.9731632348374646,0.0375,0.0,20,True,26.0,calibrated case passed
pi_kp0.100_ki0.030_kd0.000,pi,0.1,0.03,0.0,sine-approx,PASS,1.6820863825175185,1.489404468544007,2.590380690226695,0.05187324082275779,0.05187324082275779,0.05187324082275779,0.0,0.0,25,False,3.754427160965534,calibrated case passed
pi_kp0.200_ki0.005_kd0.000,pi,0.2,0.005,0.0,hold-y-eq,PASS,0.03558417281003758,0.03214232961897405,0.0700011826243383,0.03558417281003758,0.03214232961897405,0.0700011826243383,0.0,0.0,0,False,0.0,calibrated case passed
pi_kp0.200_ki0.005_kd0.000,pi,0.2,0.005,0.0,step64-96,PASS,2.0859754316849664,0.6963042170860082,17.8763814031267,0.5200839075033707,0.4324268073311387,0.9600207285240714,0.025,0.0,20,True,32.0,calibrated case passed
pi_kp0.200_ki0.005_kd0.000,pi,0.2,0.005,0.0,step96-64,PASS,2.087077069263589,0.7277870186097097,17.804176338532542,0.5549737320172045,0.4652762047282529,1.0237889432806497,0.025,0.0,20,True,32.0,calibrated case passed
pi_kp0.200_ki0.005_kd0.000,pi,0.2,0.005,0.0,multistep,EXPLAINED_TRANSIENT,8.148233764169053,2.8609296148005052,52.2797463541618,1.4289102932523605,1.0168958369506755,3.14459992543712,0.0875,0.0,35,True,66.0,max full-window error is explained by rate-limited target-change transient
pi_kp0.200_ki0.005_kd0.000,pi,0.2,0.005,0.0,lower-range,PASS,1.4769404238328145,0.5424327262842094,11.818617351451365,0.3966137210003198,0.3048539425447506,0.7136995859750144,0.025,0.0,20,True,26.0,calibrated case passed
pi_kp0.200_ki0.005_kd0.000,pi,0.2,0.005,0.0,sine-approx,PASS,0.3867206507182473,0.3448923061163642,0.6163390782619018,0.05187324082275779,0.05187324082275779,0.05187324082275779,0.0,0.0,26,False,3.6619807040331978,calibrated case passed
pi_kp0.200_ki0.010_kd0.000,pi,0.2,0.01,0.0,hold-y-eq,PASS,0.0257560011584192,0.019109016650475395,0.0700011826243383,0.0257560011584192,0.019109016650475395,0.0700011826243383,0.0,0.0,0,False,0.0,calibrated case passed
pi_kp0.200_ki0.010_kd0.000,pi,0.2,0.01,0.0,step64-96,PASS,2.177250817618098,0.8413348674489469,17.86667477246209,0.7467848708359718,0.5459057829724824,1.8478083806013785,0.025,0.0,20,True,32.0,calibrated case passed
pi_kp0.200_ki0.010_kd0.000,pi,0.2,0.01,0.0,step96-64,PASS,2.1781840249507,0.8555286549094422,17.81873628452945,0.7620212272551451,0.5607069644409868,1.8850174854413382,0.025,0.0,20,True,32.0,calibrated case passed
pi_kp0.200_ki0.010_kd0.000,pi,0.2,0.01,0.0,multistep,EXPLAINED_TRANSIENT,8.468599076885576,3.36050204665925,52.46412206427799,2.4617092517316594,1.4969735548344436,6.4680105939002,0.0875,0.0,35,True,66.0,max full-window error is explained by rate-limited target-change transient
pi_kp0.200_ki0.010_kd0.000,pi,0.2,0.01,0.0,lower-range,PASS,1.5663583625331325,0.7318246288088928,11.82832398211599,0.5801263692606033,0.4535371349160657,1.2895270137690247,0.025,0.0,20,True,26.0,calibrated case passed
pi_kp0.200_ki0.010_kd0.000,pi,0.2,0.01,0.0,sine-approx,PASS,0.6915547973020283,0.6156288312454116,1.0976315769527787,0.05187324082275779,0.05187324082275779,0.05187324082275779,0.0,0.0,27,False,3.4793641287503903,calibrated case passed
pi_kp0.200_ki0.015_kd0.000,pi,0.2,0.015,0.0,hold-y-eq,PASS,0.021170539100948706,0.013110471159293447,0.0700011826243383,0.021170539100948706,0.013110471159293447,0.0700011826243383,0.0,0.0,0,False,0.0,calibrated case passed
pi_kp0.200_ki0.015_kd0.000,pi,0.2,0.015,0.0,step64-96,PASS,2.262617481928777,0.8844424629474374,17.860130987471038,0.8702728857090237,0.5525910667250211,2.61026637338324,0.025,0.0,20,True,32.0,calibrated case passed
pi_kp0.200_ki0.015_kd0.000,pi,0.2,0.015,0.0,step96-64,PASS,2.263021671029561,0.8919031035464731,17.82855196201602,0.8775510700451846,0.5604192106219522,2.6316936160894144,0.025,0.0,20,True,32.0,calibrated case passed
pi_kp0.200_ki0.015_kd0.000,pi,0.2,0.015,0.0,multistep,EXPLAINED_TRANSIENT,8.770858269276596,3.676936930745755,52.47920909002387,3.314827375431749,1.7974887968964826,9.879046831836835,0.1,0.0,35,True,66.0,max full-window error is explained by rate-limited target-change transient
pi_kp0.200_ki0.015_kd0.000,pi,0.2,0.015,0.0,lower-range,PASS,1.6548191459761434,0.840363554362186,11.834867767107028,0.6892261952993141,0.5165346647267341,1.7623634334398801,0.025,0.0,20,True,26.0,calibrated case passed
pi_kp0.200_ki0.015_kd0.000,pi,0.2,0.015,0.0,sine-approx,PASS,0.9755277058809286,0.8678785464299239,1.5396472491318747,0.05187324082275779,0.05187324082275779,0.05187324082275779,0.0,0.0,26,False,3.6619807040331978,calibrated case passed
pi_kp0.200_ki0.030_kd0.000,pi,0.2,0.03,0.0,hold-y-eq,PASS,0.015254216224682616,0.006594763558166861,0.0700011826243383,0.015254216224682616,0.006594763558166861,0.0700011826243383,0.0,0.0,0,False,0.0,calibrated case passed
pi_kp0.200_ki0.030_kd0.000,pi,0.2,0.03,0.0,step64-96,PASS,2.5098351397241,0.901442817985979,17.850935441381893,1.0197502191890215,0.46367410321346836,4.244960965143505,0.025,0.0,20,True,32.0,calibrated case passed
pi_kp0.200_ki0.030_kd0.000,pi,0.2,0.03,0.0,step96-64,PASS,2.5097719210865814,0.9038066788418007,17.842345281149775,1.0207155188480908,0.4662305960291631,4.2487068180850045,0.025,0.0,20,True,32.0,calibrated case passed
pi_kp0.200_ki0.030_kd0.000,pi,0.2,0.03,0.0,multistep,SETTLED_WARN,9.55394650911686,4.738676883929293,52.21909961537399,5.354653448186688,2.848814132926433,21.276222592169376,0.1,0.0,35,True,66.0,settled_rmse > settled_warn_rmse; settled_max_abs_error > settled_warn_max_abs_error
pi_kp0.200_ki0.030_kd0.000,pi,0.2,0.03,0.0,lower-range,PASS,1.8736033779591286,0.9658112674988544,11.844063313196195,0.822956532614806,0.5177238377245624,2.8070734534590684,0.0375,0.0,20,True,26.0,calibrated case passed
pi_kp0.200_ki0.030_kd0.000,pi,0.2,0.03,0.0,sine-approx,PASS,1.614299973007909,1.4325086929530761,2.4854652362556635,0.05187324082275779,0.05187324082275779,0.05187324082275779,0.0,0.0,25,False,3.754427160965534,calibrated case passed
pi_kp0.300_ki0.005_kd0.000,pi,0.3,0.005,0.0,hold-y-eq,PASS,0.034035405415282126,0.031113020296078275,0.0700011826243383,0.034035405415282126,0.031113020296078275,0.0700011826243383,0.0,0.0,0,False,0.0,calibrated case passed
pi_kp0.300_ki0.005_kd0.000,pi,0.3,0.005,0.0,step64-96,PASS,2.080093687917941,0.6778985933614818,17.874949800032056,0.4934296688722019,0.4131012226807665,0.8830202758261549,0.025,0.0,20,True,32.0,calibrated case passed
pi_kp0.300_ki0.005_kd0.000,pi,0.3,0.005,0.0,step96-64,PASS,2.081036820163801,0.7089598916986402,17.806323743174516,0.5278772728985113,0.44552287605689106,0.9442312930499384,0.025,0.0,20,True,32.0,calibrated case passed
pi_kp0.300_ki0.005_kd0.000,pi,0.3,0.005,0.0,multistep,EXPLAINED_TRANSIENT,8.127543885130946,2.8142422543692294,52.24738310213439,1.3323474466289416,0.9583561602961438,2.9031014134323314,0.0875,0.0,35,True,66.0,max full-window error is explained by rate-limited target-change transient
pi_kp0.300_ki0.005_kd0.000,pi,0.3,0.005,0.0,lower-range,PASS,1.4930054349711355,0.5374816034761072,11.820048954546017,0.36662069313794754,0.28049036036422176,0.648686516663652,0.025,0.0,20,True,26.0,calibrated case passed
pi_kp0.300_ki0.005_kd0.000,pi,0.3,0.005,0.0,sine-approx,PASS,0.4914934991733903,0.43915470784297306,0.7593829138017725,0.05187324082275779,0.05187324082275779,0.05187324082275779,0.0,0.0,24,False,3.754427160965548,calibrated case passed
pi_kp0.300_ki0.010_kd0.000,pi,0.3,0.01,0.0,hold-y-eq,PASS,0.024772950318156916,0.018900690471099147,0.0700011826243383,0.024772950318156916,0.018900690471099147,0.0700011826243383,0.0,0.0,0,False,0.0,calibrated case passed
pi_kp0.300_ki0.010_kd0.000,pi,0.3,0.01,0.0,step64-96,PASS,2.1664390517393497,0.8290346199599463,17.866295131087853,0.7171551511439672,0.5354190334654064,1.7056380719879343,0.025,0.0,20,True,32.0,calibrated case passed
pi_kp0.300_ki0.010_kd0.000,pi,0.3,0.01,0.0,step96-64,PASS,2.1674202793686765,0.843685973521152,17.819305746590828,0.7329765053219571,0.5506955859733099,1.742886749472639,0.025,0.0,20,True,32.0,calibrated case passed
pi_kp0.300_ki0.010_kd0.000,pi,0.3,0.01,0.0,multistep,EXPLAINED_TRANSIENT,8.42742229959948,3.315284119680315,52.43557664618682,2.2981393853752983,1.4337968176073725,5.8025980274562485,0.0875,0.0,35,True,66.0,max full-window error is explained by rate-limited target-change transient
pi_kp0.300_ki0.010_kd0.000,pi,0.3,0.01,0.0,lower-range,PASS,1.5805330925151806,0.7170414797115572,11.828703623490227,0.5419101964319195,0.42483809018512114,1.1750772785443147,0.025,0.0,20,True,26.0,calibrated case passed
pi_kp0.300_ki0.010_kd0.000,pi,0.3,0.01,0.0,sine-approx,PASS,0.7291906031557714,0.6511826874011214,1.1411862029485178,0.05187324082275779,0.05187324082275779,0.05187324082275779,0.0,0.0,25,False,3.754427160965534,calibrated case passed
pi_kp0.300_ki0.015_kd0.000,pi,0.3,0.015,0.0,hold-y-eq,PASS,0.020383822353708638,0.013069337490940035,0.0700011826243383,0.020383822353708638,0.013069337490940035,0.0700011826243383,0.0,0.0,0,False,0.0,calibrated case passed
pi_kp0.300_ki0.015_kd0.000,pi,0.3,0.015,0.0,step64-96,PASS,2.2473659532389734,0.8784731877436849,17.860297626389624,0.840018208258013,0.551050908138315,2.4169727751718995,0.025,0.0,20,True,32.0,calibrated case passed
pi_kp0.300_ki0.015_kd0.000,pi,0.3,0.015,0.0,step96-64,PASS,2.247853173543174,0.8863596486398112,17.828302003638157,0.8479360929568139,0.5593120937660931,2.4394258628615546,0.025,0.0,20,True,32.0,calibrated case passed
pi_kp0.300_ki0.015_kd0.000,pi,0.3,0.015,0.0,multistep,EXPLAINED_TRANSIENT,8.708365951744023,3.586379734703938,52.46927621853088,3.108229809158392,1.6799739046989206,8.867557314205271,0.1,0.0,35,True,66.0,max full-window error is explained by rate-limited target-change transient
pi_kp0.300_ki0.015_kd0.000,pi,0.3,0.015,0.0,lower-range,PASS,1.655804764582801,0.8247540775792878,11.834701128188442,0.6559565871158043,0.49612690815529714,1.63192662277838,0.0375,0.0,20,True,26.0,calibrated case passed
pi_kp0.300_ki0.015_kd0.000,pi,0.3,0.015,0.0,sine-approx,PASS,0.9747807312234248,0.870285519019746,1.5256560022389323,0.05187324082275779,0.05187324082275779,0.05187324082275779,0.0,0.0,25,False,3.754427160965534,calibrated case passed
pi_kp0.300_ki0.030_kd0.000,pi,0.3,0.03,0.0,hold-y-eq,PASS,0.01471850544930388,0.006594491296823257,0.0700011826243383,0.01471850544930388,0.006594491296823257,0.0700011826243383,0.0,0.0,0,False,0.0,calibrated case passed
pi_kp0.300_ki0.030_kd0.000,pi,0.3,0.03,0.0,step64-96,PASS,2.4827725367860674,0.9010113734916565,17.851403394472342,0.9955748853193837,0.4738709054824213,3.9708774911558464,0.025,0.0,20,True,32.0,calibrated case passed
pi_kp0.300_ki0.030_kd0.000,pi,0.3,0.03,0.0,step96-64,PASS,2.482736493534297,0.9034735818645506,17.84164335151408,0.9967942932890786,0.47652588464481044,3.9755024639415595,0.025,0.0,20,True,32.0,calibrated case passed
pi_kp0.300_ki0.030_kd0.000,pi,0.3,0.03,0.0,multistep,SETTLED_WARN,9.444715028277257,4.629227475146879,52.256993993839245,5.09016212362963,2.733922014543652,20.24881026872356,0.1125,0.0,35,True,66.0,settled_rmse > settled_warn_rmse; settled_max_abs_error > settled_warn_max_abs_error
pi_kp0.300_ki0.030_kd0.000,pi,0.3,0.03,0.0,lower-range,PASS,1.8527077035312967,0.9567018674512656,11.84359536010573,0.8082908590859758,0.5197063199083575,2.6631849203876286,0.0375,0.0,20,True,26.0,calibrated case passed
pi_kp0.300_ki0.030_kd0.000,pi,0.3,0.03,0.0,sine-approx,PASS,1.5696509661563158,1.3991225689378988,2.4053132039366645,0.05187324082275779,0.05187324082275779,0.05187324082275779,0.0,0.0,24,False,3.754427160965548,calibrated case passed
pi_kp0.350_ki0.005_kd0.000,pi,0.35,0.005,0.0,hold-y-eq,PASS,0.03331940955852159,0.030612409929165273,0.0700011826243383,0.03331940955852159,0.030612409929165273,0.0700011826243383,0.0,0.0,0,False,0.0,calibrated case passed
pi_kp0.350_ki0.005_kd0.000,pi,0.35,0.005,0.0,step64-96,PASS,2.077647156122311,0.6692185914379983,17.87428102280485,0.4811415908898763,0.40399733485733674,0.8464652323761328,0.025,0.0,20,True,32.0,calibrated case passed
pi_kp0.350_ki0.005_kd0.000,pi,0.35,0.005,0.0,step96-64,PASS,2.0785097217650863,0.7000373332580387,17.807326909015302,0.5153330688835609,0.43617121662372466,0.9064486373729395,0.025,0.0,20,True,32.0,calibrated case passed
pi_kp0.350_ki0.005_kd0.000,pi,0.35,0.005,0.0,multistep,EXPLAINED_TRANSIENT,8.119440809373877,2.79401282757843,52.2329187339498,1.2883117077468018,0.9311221190557782,2.8283134032031825,0.0875,0.0,35,True,66.0,max full-window error is explained by rate-limited target-change transient
pi_kp0.350_ki0.005_kd0.000,pi,0.35,0.005,0.0,lower-range,PASS,1.506777531018101,0.5364388634747541,11.820717731773222,0.35338520251656724,0.26974999666877303,0.6230860621413115,0.025,0.0,20,True,26.0,calibrated case passed
pi_kp0.350_ki0.005_kd0.000,pi,0.35,0.005,0.0,sine-approx,PASS,0.5529712524531905,0.49400633589255716,0.8433632535806197,0.05187324082275779,0.05187324082275779,0.05187324082275779,0.0,0.0,23,False,3.6619807040331978,calibrated case passed
pi_kp0.350_ki0.010_kd0.000,pi,0.35,0.01,0.0,hold-y-eq,PASS,0.024324222216772884,0.018789507830631002,0.0700011826243383,0.024324222216772884,0.018789507830631002,0.0700011826243383,0.0,0.0,0,False,0.0,calibrated case passed
pi_kp0.350_ki0.010_kd0.000,pi,0.35,0.01,0.0,step64-96,PASS,2.1618345509349357,0.8228514077057243,17.8660896287863,0.7034584596860524,0.530043570332102,1.6392434260446862,0.025,0.0,20,True,32.0,calibrated case passed
pi_kp0.350_ki0.010_kd0.000,pi,0.35,0.01,0.0,step96-64,PASS,2.162829988711976,0.8376947740588964,17.81961400004316,0.719523110832913,0.5455201433700029,1.6764289159895114,0.025,0.0,20,True,32.0,calibrated case passed
pi_kp0.350_ki0.010_kd0.000,pi,0.35,0.01,0.0,multistep,EXPLAINED_TRANSIENT,8.410389735775981,3.2976734160579597,52.42203961792892,2.22391864850987,1.4036423698645581,5.632137785382007,0.0875,0.0,35,True,66.0,max full-window error is explained by rate-limited target-change transient
pi_kp0.350_ki0.010_kd0.000,pi,0.35,0.01,0.0,lower-range,PASS,1.5888246891449722,0.7096871496216552,11.828909125791775,0.5269689338558321,0.41322558415171406,1.1330292966712037,0.0375,0.0,20,True,26.0,calibrated case passed
pi_kp0.350_ki0.010_kd0.000,pi,0.35,0.01,0.0,sine-approx,PASS,0.7608111876794292,0.6798541254504799,1.1777020629811474,0.05187324082275779,0.05187324082275779,0.05187324082275779,0.0,0.0,24,False,3.754427160965548,calibrated case passed
pi_kp0.350_ki0.015_kd0.000,pi,0.35,0.015,0.0,hold-y-eq,PASS,0.02002722359539373,0.013045130064584498,0.0700011826243383,0.02002722359539373,0.013045130064584498,0.0700011826243383,0.0,0.0,0,False,0.0,calibrated case passed
pi_kp0.350_ki0.015_kd0.000,pi,0.35,0.015,0.0,step64-96,PASS,2.2408857935889674,0.8752717644148097,17.86034285594782,0.8260724818735286,0.5498554822459063,2.3267822421410216,0.025,0.0,20,True,32.0,calibrated case passed
pi_kp0.350_ki0.015_kd0.000,pi,0.35,0.015,0.0,step96-64,PASS,2.241407859375971,0.883356282444087,17.82823415930089,0.8342789988792116,0.5583186330693317,2.3496493278278763,0.025,0.0,20,True,32.0,calibrated case passed
pi_kp0.350_ki0.015_kd0.000,pi,0.35,0.015,0.0,multistep,EXPLAINED_TRANSIENT,8.681581451850374,3.5732270248794045,52.46346428943562,3.0145476359719936,1.655796918585054,8.36256150189909,0.1,0.0,35,True,66.0,max full-window error is explained by rate-limited target-change transient
pi_kp0.350_ki0.015_kd0.000,pi,0.35,0.015,0.0,lower-range,PASS,1.6538789361328963,0.8169004484489888,11.83465589863026,0.6443732598065482,0.48885243097834996,1.5866637396616028,0.0375,0.0,20,True,26.0,calibrated case passed
pi_kp0.350_ki0.015_kd0.000,pi,0.35,0.015,0.0,sine-approx,PASS,0.9861230015045844,0.8798484001653097,1.5342560564264929,0.05187324082275779,0.05187324082275779,0.05187324082275779,0.0,0.0,25,False,3.754427160965534,calibrated case passed
pi_kp0.350_ki0.030_kd0.000,pi,0.35,0.03,0.0,hold-y-eq,PASS,0.014479121642240043,0.006594269876393355,0.0700011826243383,0.014479121642240043,0.006594269876393355,0.0700011826243383,0.0,0.0,0,False,0.0,calibrated case passed
pi_kp0.350_ki0.030_kd0.000,pi,0.35,0.03,0.0,step64-96,PASS,2.471384625577774,0.9007383767032966,17.851614499350546,0.984130194448569,0.47842255195052785,3.8399419183572974,0.025,0.0,20,True,32.0,calibrated case passed
pi_kp0.350_ki0.030_kd0.000,pi,0.35,0.03,0.0,step96-64,PASS,2.471362950929329,0.9032537049339661,17.84132669419678,0.9854783182299724,0.48113048821159576,3.8449926545254627,0.025,0.0,20,True,32.0,calibrated case passed
pi_kp0.350_ki0.030_kd0.000,pi,0.35,0.03,0.0,multistep,SETTLED_WARN,9.394857856486182,4.574629431090097,52.277671857416934,4.96743734158394,2.6788519344903037,19.73468116194159,0.1125,0.0,35,True,66.0,settled_rmse > settled_warn_rmse; settled_max_abs_error > settled_warn_max_abs_error
pi_kp0.350_ki0.030_kd0.000,pi,0.35,0.03,0.0,lower-range,PASS,1.8454820072668463,0.9521711898740373,11.843384255227534,0.8011681542341108,0.520129600776038,2.5977410900873465,0.0375,0.0,20,True,26.0,calibrated case passed
pi_kp0.350_ki0.030_kd0.000,pi,0.35,0.03,0.0,sine-approx,PASS,1.5545940624716257,1.3875592263519234,2.381799850488555,0.05187324082275779,0.05187324082275779,0.05187324082275779,0.0,0.0,24,False,3.754427160965548,calibrated case passed
pi_kp0.500_ki0.005_kd0.000,pi,0.5,0.005,0.0,hold-y-eq,PASS,0.03137192873901274,0.029172050837014397,0.0700011826243383,0.03137192873901274,0.029172050837014397,0.0700011826243383,0.0,0.0,0,False,0.0,calibrated case passed
pi_kp0.500_ki0.005_kd0.000,pi,0.5,0.005,0.0,step64-96,PASS,2.0721739577536042,0.6450957702086368,17.87244355452131,0.4475262684974237,0.37855696861352217,0.7668253909826177,0.025,0.0,20,True,32.0,calibrated case passed
pi_kp0.500_ki0.005_kd0.000,pi,0.5,0.005,0.0,step96-64,PASS,2.072798338215722,0.6751031535950284,17.810083111440633,0.4808552538041017,0.40989785182901084,0.8223808238457195,0.025,0.0,20,True,32.0,calibrated case passed
pi_kp0.500_ki0.005_kd0.000,pi,0.5,0.005,0.0,multistep,EXPLAINED_TRANSIENT,8.103805919268133,2.771076782220004,52.19509033381411,1.1730617678589796,0.8570254384258348,2.7684767914378625,0.0875,0.0,35,True,66.0,max full-window error is explained by rate-limited target-change transient
pi_kp0.500_ki0.005_kd0.000,pi,0.5,0.005,0.0,lower-range,PASS,1.5416093854500448,0.5524919636993232,11.822555200056769,0.325505693431175,0.24605485541369523,0.599743936721886,0.0375,0.0,20,True,26.0,calibrated case passed
pi_kp0.500_ki0.005_kd0.000,pi,0.5,0.005,0.0,sine-approx,PASS,0.7357271253788992,0.6563036857305726,1.2984960667015315,0.05187324082275779,0.05187324082275779,0.05187324082275779,0.0,0.0,1,False,3.754427160965548,calibrated case passed
pi_kp0.500_ki0.010_kd0.000,pi,0.5,0.01,0.0,hold-y-eq,PASS,0.023124092877496616,0.01843382527969073,0.0700011826243383,0.023124092877496616,0.01843382527969073,0.0700011826243383,0.0,0.0,0,False,0.0,calibrated case passed
pi_kp0.500_ki0.010_kd0.000,pi,0.5,0.01,0.0,step64-96,PASS,2.1509975437962674,0.8043745748222397,17.865439659128683,0.6655652111912106,0.513429280672907,1.4572358868904303,0.025,0.0,20,True,32.0,calibrated case passed
pi_kp0.500_ki0.010_kd0.000,pi,0.5,0.01,0.0,step96-64,PASS,2.1520044191250562,0.8196671523231938,17.82058895452957,0.6821968128264849,0.5293756411272044,1.4927483523165321,0.025,0.0,20,True,32.0,calibrated case passed
pi_kp0.500_ki0.010_kd0.000,pi,0.5,0.01,0.0,multistep,EXPLAINED_TRANSIENT,8.372656394069347,3.2569443063975982,52.3843020166282,2.0293489752042397,1.319176022084887,5.387936087892335,0.0875,0.0,35,True,66.0,max full-window error is explained by rate-limited target-change transient
pi_kp0.500_ki0.010_kd0.000,pi,0.5,0.01,0.0,lower-range,PASS,1.6001221340513019,0.6938926715717549,11.829559095449383,0.49752187411565524,0.3885800473116728,1.0719383388798036,0.0375,0.0,20,True,26.0,calibrated case passed
pi_kp0.500_ki0.010_kd0.000,pi,0.5,0.01,0.0,sine-approx,PASS,0.8778253328967554,0.7836963923991895,1.382665861711729,0.05187324082275779,0.05187324082275779,0.05187324082275779,0.0,0.0,1,False,3.754427160965548,calibrated case passed
pi_kp0.500_ki0.015_kd0.000,pi,0.5,0.015,0.0,hold-y-eq,PASS,0.019085403680649007,0.012958386193099792,0.0700011826243383,0.019085403680649007,0.012958386193099792,0.0700011826243383,0.0,0.0,0,False,0.0,calibrated case passed
pi_kp0.500_ki0.015_kd0.000,pi,0.5,0.015,0.0,step64-96,PASS,2.225681961450612,0.8649625387224678,17.860364930215766,0.7873458989027884,0.5445621336363341,2.0478088544228257,0.025,0.0,20,True,32.0,calibrated case passed
pi_kp0.500_ki0.015_kd0.000,pi,0.5,0.015,0.0,step96-64,PASS,2.226284782772152,0.8735817706366674,17.828201047898943,0.7963074552554349,0.5535724465248628,2.0716170778143024,0.025,0.0,20,True,32.0,calibrated case passed
pi_kp0.500_ki0.015_kd0.000,pi,0.5,0.015,0.0,multistep,EXPLAINED_TRANSIENT,8.617426026078755,3.5343433376253635,52.444012292114465,2.767109377928645,1.5872136231969662,7.73646002163953,0.1,0.0,35,True,66.0,max full-window error is explained by rate-limited target-change transient
pi_kp0.500_ki0.015_kd0.000,pi,0.5,0.015,0.0,lower-range,PASS,1.6594445858890419,0.7957776635499918,11.834633824362314,0.6131854106635112,0.4682471955913994,1.487637141837908,0.0375,0.0,20,True,26.0,calibrated case passed
pi_kp0.500_ki0.015_kd0.000,pi,0.5,0.015,0.0,sine-approx,PASS,1.0485561119339857,0.9363760456274124,1.5991418129656338,0.05187324082275779,0.05187324082275779,0.05187324082275779,0.0,0.0,24,False,3.754427160965548,calibrated case passed
pi_kp0.500_ki0.030_kd0.000,pi,0.5,0.03,0.0,hold-y-eq,PASS,0.013865313148064865,0.006593098716857248,0.0700011826243383,0.013865313148064865,0.006593098716857248,0.0700011826243383,0.0,0.0,0,False,0.0,calibrated case passed
pi_kp0.500_ki0.030_kd0.000,pi,0.5,0.03,0.0,step64-96,PASS,2.4454117238258686,0.8996551488386583,17.852163464257742,0.9501972096994644,0.489673717363032,3.4132152186226534,0.025,0.0,20,True,32.0,calibrated case passed
pi_kp0.500_ki0.030_kd0.000,pi,0.5,0.03,0.0,step96-64,PASS,2.445432630239618,0.9023410748924843,17.84050324683598,0.9519305413732428,0.49255154191503264,3.4194857254288564,0.025,0.0,20,True,32.0,calibrated case passed
pi_kp0.500_ki0.030_kd0.000,pi,0.5,0.03,0.0,multistep,SETTLED_WARN,9.265752908883703,4.414744598168357,52.33084361141198,4.630303852313695,2.514578102241414,18.19445691711927,0.1125,0.0,35,True,66.0,settled_rmse > settled_warn_rmse; settled_max_abs_error > settled_warn_max_abs_error
pi_kp0.500_ki0.030_kd0.000,pi,0.5,0.03,0.0,lower-range,PASS,1.8376918897116565,0.9442686557981602,11.842835290320338,0.7809016132787618,0.5197275238279606,2.4271350931201354,0.0375,0.0,20,True,26.0,calibrated case passed
pi_kp0.500_ki0.030_kd0.000,pi,0.5,0.03,0.0,sine-approx,PASS,1.5325600667163477,1.3688602539089143,2.3286284087585187,0.05187324082275779,0.05187324082275779,0.05187324082275779,0.0,0.0,24,False,3.754427160965548,calibrated case passed
pid_kp0.100_ki0.005_kd0.050,pid,0.1,0.005,0.05,hold-y-eq,PASS,0.037296490050942446,0.033209014212135735,0.0700011826243383,0.037296490050942446,0.033209014212135735,0.0700011826243383,0.0,0.0,0,False,0.0,calibrated case passed
pid_kp0.100_ki0.005_kd0.050,pid,0.1,0.005,0.05,step64-96,PASS,2.0920964351942866,0.7134768206780776,17.87800170034744,0.5600742275482776,0.46144010030168253,1.0640880475263685,0.025,0.0,20,True,32.0,calibrated case passed
pid_kp0.100_ki0.005_kd0.050,pid,0.1,0.005,0.05,step96-64,PASS,2.093151506979654,0.7452861518070051,17.80174589270142,0.5953081544952289,0.4946145628259416,1.130637974188076,0.025,0.0,20,True,32.0,calibrated case passed
pid_kp0.100_ki0.005_kd0.050,pid,0.1,0.005,0.05,multistep,EXPLAINED_TRANSIENT,8.175984308876583,2.9050262578674193,52.33526890658693,1.5295825461370223,1.0790966911937798,3.394996421285086,0.0875,0.0,35,True,66.0,max full-window error is explained by rate-limited target-change transient
pid_kp0.100_ki0.005_kd0.050,pid,0.1,0.005,0.05,lower-range,PASS,1.4772109223457872,0.5542471179054271,11.816997054230633,0.445964985813149,0.3446571077954966,0.820948593131817,0.025,0.0,20,True,26.0,calibrated case passed
pid_kp0.100_ki0.005_kd0.050,pid,0.1,0.005,0.05,sine-approx,PASS,0.34620766899962707,0.30816125458595955,0.5630863394607246,0.05187324082275779,0.05187324082275779,0.05187324082275779,0.0,0.0,30,False,2.445845116521596,calibrated case passed
pid_kp0.100_ki0.005_kd0.100,pid,0.1,0.005,0.1,hold-y-eq,PASS,0.03728255076351194,0.03321448133784255,0.0700011826243383,0.03728255076351194,0.03321448133784255,0.0700011826243383,0.0,0.0,0,False,0.0,calibrated case passed
pid_kp0.100_ki0.005_kd0.100,pid,0.1,0.005,0.1,step64-96,PASS,2.0938153714136365,0.7190977832380947,17.8780544278454,0.569869775545903,0.469376227286074,1.0789869077804326,0.025,0.0,20,True,32.0,calibrated case passed
pid_kp0.100_ki0.005_kd0.100,pid,0.1,0.005,0.1,step96-64,PASS,2.0946752192526796,0.7491479332515064,17.801666801454516,0.6051367247283709,0.5025740767209191,1.1456628659489922,0.025,0.0,20,True,32.0,calibrated case passed
pid_kp0.100_ki0.005_kd0.100,pid,0.1,0.005,0.1,multistep,EXPLAINED_TRANSIENT,8.17898755025246,2.9122588960449995,52.352981734506514,1.522009903877404,1.0768821054965214,3.3379024808979665,0.0875,0.0,35,True,66.0,max full-window error is explained by rate-limited target-change transient
pid_kp0.100_ki0.005_kd0.100,pid,0.1,0.005,0.1,lower-range,PASS,1.4893713164234452,0.5773132734355751,11.816944326732681,0.4594644805773419,0.35525432079493185,0.8482084629665607,0.025,0.0,20,True,26.0,calibrated case passed
pid_kp0.100_ki0.005_kd0.100,pid,0.1,0.005,0.1,sine-approx,PASS,0.3288492759772363,0.29333082315008435,0.5361661051927342,0.05187324082275779,0.05187324082275779,0.05187324082275779,0.0,0.0,30,False,2.445845116521596,calibrated case passed
pid_kp0.100_ki0.005_kd0.200,pid,0.1,0.005,0.2,hold-y-eq,PASS,0.037266153677690206,0.03322544828800922,0.07056861438050532,0.037266153677690206,0.03322544828800922,0.07056861438050532,0.0,0.0,2,False,0.0,calibrated case passed
pid_kp0.100_ki0.005_kd0.200,pid,0.1,0.005,0.2,step64-96,PASS,2.1063587906366372,0.7483386631955242,17.878160846050136,0.5900343231356546,0.48549569838062545,1.178786759822458,0.025,0.0,20,True,32.0,calibrated case passed
pid_kp0.100_ki0.005_kd0.200,pid,0.1,0.005,0.2,step96-64,PASS,2.1068278449463533,0.7784341304752467,17.801507174147375,0.6253620649512684,0.5187413039060695,1.2457795085023804,0.025,0.0,20,True,32.0,calibrated case passed
pid_kp0.100_ki0.005_kd0.200,pid,0.1,0.005,0.2,multistep,EXPLAINED_TRANSIENT,8.191961489691593,2.93544877467091,52.38872003507248,1.5076999735847467,1.0720566838128915,3.2637776926912707,0.0875,0.0,35,True,66.0,max full-window error is explained by rate-limited target-change transient
pid_kp0.100_ki0.005_kd0.200,pid,0.1,0.005,0.2,lower-range,PASS,1.5420624082888643,0.6528110154835989,11.81683790852793,0.485296937678531,0.3748748858075795,0.9084686804228994,0.025,0.0,20,True,26.0,calibrated case passed
pid_kp0.100_ki0.005_kd0.200,pid,0.1,0.005,0.2,sine-approx,PASS,0.2990852397366073,0.26599824104540726,0.6251377066198529,0.05187324082275779,0.05187324082275779,0.05187324082275779,0.0,0.0,1,False,3.754427160965548,calibrated case passed
pid_kp0.100_ki0.010_kd0.050,pid,0.1,0.01,0.05,hold-y-eq,PASS,0.026848453340183476,0.01929801881242792,0.0700011826243383,0.026848453340183476,0.01929801881242792,0.0700011826243383,0.0,0.0,0,False,0.0,calibrated case passed
pid_kp0.100_ki0.010_kd0.050,pid,0.1,0.01,0.05,step64-96,PASS,2.1865761803321937,0.8528288447545996,17.867040474704453,0.7956403292987859,0.566447190413385,2.0487188564128616,0.025,0.0,20,True,32.0,calibrated case passed
pid_kp0.100_ki0.010_kd0.050,pid,0.1,0.01,0.05,step96-64,PASS,2.1873181818069085,0.8664568271126676,17.81818773116592,0.8101442569678974,0.5806611796809729,2.0856654845617584,0.025,0.0,20,True,32.0,calibrated case passed
pid_kp0.100_ki0.010_kd0.050,pid,0.1,0.01,0.05,multistep,EXPLAINED_TRANSIENT,8.517522430855953,3.405726262581287,52.519198447922506,2.6446965420023854,1.565667819854915,6.891381170816668,0.0875,0.0,35,True,66.0,max full-window error is explained by rate-limited target-change transient
pid_kp0.100_ki0.010_kd0.050,pid,0.1,0.01,0.05,lower-range,PASS,1.5632270603504,0.7415238404292979,11.827958279873627,0.6480156390010016,0.5039466438932705,1.4846266568062916,0.025,0.0,20,True,26.0,calibrated case passed
pid_kp0.100_ki0.010_kd0.050,pid,0.1,0.01,0.05,sine-approx,PASS,0.6941097705052915,0.6156876842458617,1.1103579124561591,0.05187324082275779,0.05187324082275779,0.05187324082275779,0.0,0.0,29,False,2.863716693457782,calibrated case passed
pid_kp0.100_ki0.010_kd0.100,pid,0.1,0.01,0.1,hold-y-eq,PASS,0.02682895414572733,0.019300983873136703,0.0700011826243383,0.02682895414572733,0.019300983873136703,0.0700011826243383,0.0,0.0,0,False,0.0,calibrated case passed
pid_kp0.100_ki0.010_kd0.100,pid,0.1,0.01,0.1,step64-96,PASS,2.185569001354873,0.8522655459369007,17.867093593589388,0.8106632594975172,0.5768387656489935,2.0780442988855157,0.025,0.0,20,True,32.0,calibrated case passed
pid_kp0.100_ki0.010_kd0.100,pid,0.1,0.01,0.1,step96-64,PASS,2.186198412363841,0.8658955145317042,17.81810805283851,0.8251759271173793,0.5910537053240191,2.1150930110487423,0.025,0.0,20,True,32.0,calibrated case passed
pid_kp0.100_ki0.010_kd0.100,pid,0.1,0.01,0.1,multistep,EXPLAINED_TRANSIENT,8.517399043973436,3.399553496852269,52.54409362844581,2.64239898994617,1.5675686507840967,6.886921041876832,0.0875,0.0,35,True,66.0,max full-window error is explained by rate-limited target-change transient
pid_kp0.100_ki0.010_kd0.100,pid,0.1,0.01,0.1,lower-range,PASS,1.5691636165518568,0.7486382773130289,11.827905160988692,0.6706376827840147,0.5211597369699302,1.5396332634833243,0.025,0.0,20,True,26.0,calibrated case passed
pid_kp0.100_ki0.010_kd0.100,pid,0.1,0.01,0.1,sine-approx,PASS,0.6770237326917502,0.6015190492715726,1.0852203389897923,0.05187324082275779,0.05187324082275779,0.05187324082275779,0.0,0.0,29,False,2.863716693457782,calibrated case passed
pid_kp0.100_ki0.010_kd0.200,pid,0.1,0.01,0.2,hold-y-eq,PASS,0.02680651719763982,0.019306935205262478,0.0700011826243383,0.02680651719763982,0.019306935205262478,0.0700011826243383,0.0,0.0,0,False,0.0,calibrated case passed
pid_kp0.100_ki0.010_kd0.200,pid,0.1,0.01,0.2,step64-96,PASS,2.1922470273053585,0.8651602295480589,17.86720189555936,0.8410691890076175,0.5978204966179654,2.1901843253062907,0.025,0.0,20,True,32.0,calibrated case passed
pid_kp0.100_ki0.010_kd0.200,pid,0.1,0.01,0.2,step96-64,PASS,2.1926504197915078,0.877732267275,17.817945599883558,0.8556018963636837,0.6120382177486354,2.227525420977976,0.025,0.0,20,True,32.0,calibrated case passed
pid_kp0.100_ki0.010_kd0.200,pid,0.1,0.01,0.2,multistep,EXPLAINED_TRANSIENT,8.524495069477146,3.419434649392417,52.5947042257537,2.6399454538864267,1.5712793840271384,6.769790533187603,0.0875,0.0,35,True,66.0,max full-window error is explained by rate-limited target-change transient
pid_kp0.100_ki0.010_kd0.200,pid,0.1,0.01,0.2,lower-range,PASS,1.6092603068464262,0.805203257084057,11.827796859018711,0.714570963717284,0.5543133443400383,1.6610998429977997,0.025,0.0,20,True,26.0,calibrated case passed
pid_kp0.100_ki0.010_kd0.200,pid,0.1,0.01,0.2,sine-approx,PASS,0.6450330453047678,0.5731084233622786,1.0347008720451,0.05187324082275779,0.05187324082275779,0.05187324082275779,0.0,0.0,29,False,2.863716693457782,calibrated case passed
pid_kp0.100_ki0.015_kd0.050,pid,0.1,0.015,0.05,hold-y-eq,PASS,0.022041043379287712,0.01314273766019074,0.0700011826243383,0.022041043379287712,0.01314273766019074,0.0700011826243383,0.0,0.0,0,False,0.0,calibrated case passed
pid_kp0.100_ki0.015_kd0.050,pid,0.1,0.015,0.05,step64-96,PASS,2.2746277820557568,0.8896810618285576,17.85986683716432,0.9244745084913925,0.564129541291702,2.893616499777764,0.025,0.0,20,True,32.0,calibrated case passed
pid_kp0.100_ki0.015_kd0.050,pid,0.1,0.015,0.05,step96-64,PASS,2.2748602815994516,0.8966704814560902,17.82894818747613,0.9310117733094777,0.571479348024985,2.9137168536873617,0.025,0.0,20,True,32.0,calibrated case passed
pid_kp0.100_ki0.015_kd0.050,pid,0.1,0.015,0.05,multistep,EXPLAINED_TRANSIENT,8.84304475819084,3.8152407157221737,52.510652847852896,3.544180524851587,1.987501267931392,10.223553874378094,0.0875,0.0,35,True,66.0,max full-window error is explained by rate-limited target-change transient
pid_kp0.100_ki0.015_kd0.050,pid,0.1,0.015,0.05,lower-range,PASS,1.6489161474829228,0.8511799727388762,11.835131917413747,0.7655450689692415,0.5650501532137884,2.0282853357327895,0.025,0.0,20,True,26.0,calibrated case passed
pid_kp0.100_ki0.015_kd0.050,pid,0.1,0.015,0.05,sine-approx,PASS,1.00432642159333,0.888463491128503,1.5895148780309967,0.05187324082275779,0.05187324082275779,0.05187324082275779,0.0,0.0,28,False,3.2110740612702315,calibrated case passed
pid_kp0.100_ki0.015_kd0.100,pid,0.1,0.015,0.1,hold-y-eq,PASS,0.022017483508956385,0.01314352671085448,0.0700011826243383,0.022017483508956385,0.01314352671085448,0.0700011826243383,0.0,0.0,0,False,0.0,calibrated case passed
pid_kp0.100_ki0.015_kd0.100,pid,0.1,0.015,0.1,step64-96,PASS,2.2708041132356547,0.8896248061039926,17.85990092939626,0.9435947756601796,0.5751604486056328,2.939241777424371,0.025,0.0,20,True,32.0,calibrated case passed
pid_kp0.100_ki0.015_kd0.100,pid,0.1,0.015,0.1,step96-64,PASS,2.2709668185889083,0.8966066872620907,17.8288970491282,0.9501235533419717,0.5825019297151918,2.9593880032445767,0.025,0.0,20,True,32.0,calibrated case passed
pid_kp0.100_ki0.015_kd0.100,pid,0.1,0.015,0.1,multistep,EXPLAINED_TRANSIENT,8.838717627950235,3.8201892341422146,52.53593055134219,3.5486342597648735,2.0108945051863296,10.292290634774865,0.0875,0.0,35,True,66.0,max full-window error is explained by rate-limited target-change transient
pid_kp0.100_ki0.015_kd0.100,pid,0.1,0.015,0.1,lower-range,PASS,1.6492643398012523,0.8485320333353634,11.835097825181805,0.795213812441901,0.5858630781908446,2.1111846506172753,0.025,0.0,20,True,26.0,calibrated case passed
pid_kp0.100_ki0.015_kd0.100,pid,0.1,0.015,0.1,sine-approx,PASS,0.9886081109789429,0.8753184956355395,1.5670088647320242,0.05187324082275779,0.05187324082275779,0.05187324082275779,0.0,0.0,28,False,3.2110740612702315,calibrated case passed
pid_kp0.100_ki0.015_kd0.200,pid,0.1,0.015,0.2,hold-y-eq,PASS,0.021991325154832566,0.013145099226069412,0.0700011826243383,0.021991325154832566,0.013145099226069412,0.0700011826243383,0.0,0.0,0,False,0.0,calibrated case passed
pid_kp0.100_ki0.015_kd0.200,pid,0.1,0.015,0.2,step64-96,PASS,2.271547393359191,0.88952143330461,17.859971280965595,0.9818669269027849,0.597351027483046,3.0662281546184573,0.025,0.0,20,True,32.0,calibrated case passed
pid_kp0.100_ki0.015_kd0.200,pid,0.1,0.015,0.2,step96-64,PASS,2.271570740094084,0.8964880253661036,17.828791521774193,0.988381771553192,0.6046764140968451,3.0865531912923743,0.025,0.0,20,True,32.0,calibrated case passed
pid_kp0.100_ki0.015_kd0.200,pid,0.1,0.015,0.2,multistep,EXPLAINED_TRANSIENT,8.838136304255146,3.851047236096312,52.58763387548635,3.5616007485528094,2.056883064513144,10.36094496537051,0.0875,0.0,35,True,66.0,max full-window error is explained by rate-limited target-change transient
pid_kp0.100_ki0.015_kd0.200,pid,0.1,0.015,0.2,lower-range,PASS,1.6780595598414354,0.8868320684160867,11.835027473612477,0.8535862266608681,0.6265841729293113,2.2954579289070907,0.025,0.0,20,True,26.0,calibrated case passed
pid_kp0.100_ki0.015_kd0.200,pid,0.1,0.015,0.2,sine-approx,PASS,0.958555565487783,0.8488778910666456,1.52156585508515,0.05187324082275779,0.05187324082275779,0.05187324082275779,0.0,0.0,28,False,3.2110740612702315,calibrated case passed
pid_kp0.200_ki0.005_kd0.050,pid,0.2,0.005,0.05,hold-y-eq,PASS,0.03557092260398361,0.03214662924678482,0.0700011826243383,0.03557092260398361,0.03214662924678482,0.0700011826243383,0.0,0.0,0,False,0.0,calibrated case passed
pid_kp0.200_ki0.005_kd0.050,pid,0.2,0.005,0.05,step64-96,PASS,2.083960610632884,0.6935066475180917,17.876423581149155,0.528707020392073,0.4394214657356009,0.9737023180485664,0.025,0.0,20,True,32.0,calibrated case passed
pid_kp0.200_ki0.005_kd0.050,pid,0.2,0.005,0.05,step96-64,PASS,2.0848916478860327,0.7250103982731997,17.804113071498875,0.5636252791183933,0.47229167627286645,1.037565754188165,0.025,0.0,20,True,32.0,calibrated case passed
pid_kp0.200_ki0.005_kd0.050,pid,0.2,0.005,0.05,multistep,EXPLAINED_TRANSIENT,8.146791909982475,2.8502704957542733,52.29487857310454,1.4230638414002705,1.0154848743775238,3.1612727929932802,0.0875,0.0,35,True,66.0,max full-window error is explained by rate-limited target-change transient
pid_kp0.200_ki0.005_kd0.050,pid,0.2,0.005,0.05,lower-range,PASS,1.4734614777902197,0.5374824732805868,11.818575173428933,0.4084404333680382,0.3141360964377323,0.7435995091495826,0.025,0.0,20,True,26.0,calibrated case passed
pid_kp0.200_ki0.005_kd0.050,pid,0.2,0.005,0.05,sine-approx,PASS,0.3745408611784066,0.33411946177081886,0.5964878553866555,0.05187324082275779,0.05187324082275779,0.05187324082275779,0.0,0.0,26,False,3.6619807040331978,calibrated case passed
pid_kp0.200_ki0.005_kd0.100,pid,0.2,0.005,0.1,hold-y-eq,PASS,0.035561515752833096,0.032150935351403474,0.0700011826243383,0.035561515752833096,0.032150935351403474,0.0700011826243383,0.0,0.0,0,False,0.0,calibrated case passed
pid_kp0.200_ki0.005_kd0.100,pid,0.2,0.005,0.1,step64-96,PASS,2.084863523265499,0.694252347540079,17.876465978731517,0.5374510852125437,0.44648876527573106,0.9979323289469733,0.025,0.0,20,True,32.0,calibrated case passed
pid_kp0.200_ki0.005_kd0.100,pid,0.2,0.005,0.1,step96-64,PASS,2.085622669350456,0.724083237108653,17.804049475125296,0.5723984685379986,0.479380067987841,1.0619107899053901,0.025,0.0,20,True,32.0,calibrated case passed
pid_kp0.200_ki0.005_kd0.100,pid,0.2,0.005,0.1,multistep,EXPLAINED_TRANSIENT,8.147795724980458,2.844687721026696,52.31008398129724,1.4178997291765159,1.0142008181803304,3.1539912330985516,0.0875,0.0,35,True,66.0,max full-window error is explained by rate-limited target-change transient
pid_kp0.200_ki0.005_kd0.100,pid,0.2,0.005,0.1,lower-range,PASS,1.4804160914393396,0.5502962322191367,11.818532775846556,0.4204109649250899,0.3233951999259694,0.7889750996139142,0.025,0.0,20,True,26.0,calibrated case passed
pid_kp0.200_ki0.005_kd0.100,pid,0.2,0.005,0.1,sine-approx,PASS,0.36391611628558346,0.32345541022804875,0.6251377066198529,0.05187324082275779,0.05187324082275779,0.05187324082275779,0.0,0.0,1,False,3.754427160965548,calibrated case passed
pid_kp0.200_ki0.005_kd0.200,pid,0.2,0.005,0.2,hold-y-eq,PASS,0.03555720806057835,0.032159567018856805,0.0700011826243383,0.03555720806057835,0.032159567018856805,0.0700011826243383,0.0,0.0,0,False,0.0,calibrated case passed
pid_kp0.200_ki0.005_kd0.200,pid,0.2,0.005,0.2,step64-96,PASS,2.0960609002914783,0.7233395709371805,17.87655116252718,0.5565374606263056,0.46127556247165774,1.1549778108554563,0.025,0.0,20,True,32.0,calibrated case passed
pid_kp0.200_ki0.005_kd0.200,pid,0.2,0.005,0.2,step96-64,PASS,2.0964765964204912,0.7532113105895114,17.80392169943184,0.5915211178939234,0.4942099491551286,1.2192605253237403,0.025,0.0,20,True,32.0,calibrated case passed
pid_kp0.200_ki0.005_kd0.200,pid,0.2,0.005,0.2,multistep,EXPLAINED_TRANSIENT,8.1565182066913,2.8654908957533056,52.34076136533359,1.4075257171811428,1.0111594650431264,3.0236062743745507,0.0875,0.0,35,True,66.0,max full-window error is explained by rate-limited target-change transient
pid_kp0.200_ki0.005_kd0.200,pid,0.2,0.005,0.2,lower-range,PASS,1.525089174293452,0.6181463637391681,11.818447592050894,0.44431377455876014,0.3404468146442632,0.9229479576605399,0.025,0.0,20,True,26.0,calibrated case passed
pid_kp0.200_ki0.005_kd0.200,pid,0.2,0.005,0.2,sine-approx,PASS,0.34876522836340285,0.30324270075240845,0.9618168866606851,0.05187324082275779,0.05187324082275779,0.05187324082275779,0.0,0.0,1,False,3.754427160965548,calibrated case passed
pid_kp0.200_ki0.010_kd0.050,pid,0.2,0.01,0.05,hold-y-eq,PASS,0.025737755253044774,0.019111978495206117,0.0700011826243383,0.025737755253044774,0.019111978495206117,0.0700011826243383,0.0,0.0,0,False,0.0,calibrated case passed
pid_kp0.200_ki0.010_kd0.050,pid,0.2,0.01,0.05,step64-96,PASS,2.1726622623674325,0.8406426584374447,17.866719600348148,0.7600222595310643,0.5552308406563357,1.875942848777342,0.025,0.0,20,True,32.0,calibrated case passed
pid_kp0.200_ki0.010_kd0.050,pid,0.2,0.01,0.05,step96-64,PASS,2.1734964069839604,0.8548403883702665,17.818669042700364,0.7752684834064595,0.5700350420445159,1.9132321117458204,0.025,0.0,20,True,32.0,calibrated case passed
pid_kp0.200_ki0.010_kd0.050,pid,0.2,0.01,0.05,multistep,EXPLAINED_TRANSIENT,8.464024641148786,3.354185591914127,52.48587786855779,2.460110263704446,1.4990199737195544,6.3728051773649845,0.0875,0.0,35,True,66.0,max full-window error is explained by rate-limited target-change transient
pid_kp0.200_ki0.010_kd0.050,pid,0.2,0.01,0.05,lower-range,PASS,1.557693071140834,0.7232088748512839,11.828279154229925,0.5997458407826579,0.468555030090054,1.3426277237997581,0.025,0.0,20,True,26.0,calibrated case passed
pid_kp0.200_ki0.010_kd0.050,pid,0.2,0.01,0.05,sine-approx,PASS,0.677463298024112,0.6037332656812161,1.0759508341303956,0.05187324082275779,0.05187324082275779,0.05187324082275779,0.0,0.0,27,False,3.4793641287503903,calibrated case passed
pid_kp0.200_ki0.010_kd0.100,pid,0.2,0.01,0.1,hold-y-eq,PASS,0.025725018767584387,0.019114947475274667,0.0700011826243383,0.025725018767584387,0.019114947475274667,0.0700011826243383,0.0,0.0,0,False,0.0,calibrated case passed
pid_kp0.200_ki0.010_kd0.100,pid,0.2,0.01,0.1,step64-96,PASS,2.1709049592699197,0.8399520403996039,17.866764904914135,0.7733319532062098,0.5646111142422376,1.9086739911030435,0.025,0.0,20,True,32.0,calibrated case passed
pid_kp0.200_ki0.010_kd0.100,pid,0.2,0.01,0.1,step96-64,PASS,2.171638825513051,0.854153754602344,17.818601085851384,0.7885890504398133,0.5794186230806317,1.9460712243077438,0.025,0.0,20,True,32.0,calibrated case passed
pid_kp0.200_ki0.010_kd0.100,pid,0.2,0.01,0.1,multistep,EXPLAINED_TRANSIENT,8.462097523883312,3.347842528725723,52.50782906299871,2.4597942867294553,1.5013026728816035,6.447256246603754,0.0875,0.0,35,True,66.0,max full-window error is explained by rate-limited target-change transient
pid_kp0.200_ki0.010_kd0.100,pid,0.2,0.01,0.1,lower-range,PASS,1.5593079200203737,0.7238422446477345,11.828233849663924,0.619722541370903,0.4836661738881912,1.4140529937781778,0.025,0.0,20,True,26.0,calibrated case passed
pid_kp0.200_ki0.010_kd0.100,pid,0.2,0.01,0.1,sine-approx,PASS,0.6641188323119392,0.5918748396926261,1.0542952749471084,0.05187324082275779,0.05187324082275779,0.05187324082275779,0.0,0.0,27,False,3.4793641287503903,calibrated case passed
pid_kp0.200_ki0.010_kd0.200,pid,0.2,0.01,0.2,hold-y-eq,PASS,0.025720520898381154,0.01912090705079894,0.0700011826243383,0.025720520898381154,0.01912090705079894,0.0700011826243383,0.0,0.0,0,False,0.0,calibrated case passed
pid_kp0.200_ki0.010_kd0.200,pid,0.2,0.01,0.2,step64-96,PASS,2.176181556697423,0.847821209632985,17.866856644861898,0.8014415249119455,0.5839717602104003,2.0646382322878196,0.025,0.0,20,True,32.0,calibrated case passed
pid_kp0.200_ki0.010_kd0.200,pid,0.2,0.01,0.2,step96-64,PASS,2.176714486359036,0.860981820878784,17.818463475929747,0.8167212126727647,0.5987868366830504,2.1023555446437285,0.025,0.0,20,True,32.0,calibrated case passed
pid_kp0.200_ki0.010_kd0.200,pid,0.2,0.01,0.2,multistep,EXPLAINED_TRANSIENT,8.465217742323906,3.3492838495721005,52.55239332804979,2.4608069988545758,1.505724728527297,6.4597483356517635,0.0875,0.0,35,True,66.0,max full-window error is explained by rate-limited target-change transient
pid_kp0.200_ki0.010_kd0.200,pid,0.2,0.01,0.2,lower-range,PASS,1.5931326272890904,0.7664232191001994,11.828142109716175,0.6597081643771102,0.5127189263318253,1.611849865065217,0.025,0.0,20,True,26.0,calibrated case passed
pid_kp0.200_ki0.010_kd0.200,pid,0.2,0.01,0.2,sine-approx,PASS,0.6403904211950936,0.5682835212928244,1.0459866816708967,0.05187324082275779,0.05187324082275779,0.05187324082275779,0.0,0.0,1,False,3.754427160965548,calibrated case passed
pid_kp0.200_ki0.015_kd0.050,pid,0.2,0.015,0.05,hold-y-eq,PASS,0.02114847114649744,0.013111422317474286,0.0700011826243383,0.02114847114649744,0.013111422317474286,0.0700011826243383,0.0,0.0,0,False,0.0,calibrated case passed
pid_kp0.200_ki0.015_kd0.050,pid,0.2,0.015,0.05,step64-96,PASS,2.255353051240999,0.8843282535833759,17.860162661241574,0.8870247349291448,0.5625662710876728,2.6541032286384763,0.025,0.0,20,True,32.0,calibrated case passed
pid_kp0.200_ki0.015_kd0.050,pid,0.2,0.015,0.05,step96-64,PASS,2.2556938955980637,0.8917838088419886,17.828504451360246,0.8942981674339556,0.5703884996198934,2.6755687231838436,0.025,0.0,20,True,32.0,calibrated case passed
pid_kp0.200_ki0.015_kd0.050,pid,0.2,0.015,0.05,multistep,EXPLAINED_TRANSIENT,8.76807354016101,3.671005997978272,52.50200581898639,3.3035408863019997,1.8128827523245057,9.444345848924641,0.1,0.0,35,True,66.0,max full-window error is explained by rate-limited target-change transient
pid_kp0.200_ki0.015_kd0.050,pid,0.2,0.015,0.05,lower-range,PASS,1.6414045757218227,0.8350080623414504,11.834836093336506,0.7147872034036533,0.5347287274572272,1.8382550931953645,0.025,0.0,20,True,26.0,calibrated case passed
pid_kp0.200_ki0.015_kd0.050,pid,0.2,0.015,0.05,sine-approx,PASS,0.9618872968455623,0.8564208893585181,1.5194277417625983,0.05187324082275779,0.05187324082275779,0.05187324082275779,0.0,0.0,26,False,3.6619807040331978,calibrated case passed
pid_kp0.200_ki0.015_kd0.100,pid,0.2,0.015,0.1,hold-y-eq,PASS,0.021133360266535527,0.013112372951113472,0.0700011826243383,0.021133360266535527,0.013112372951113472,0.0700011826243383,0.0,0.0,0,False,0.0,calibrated case passed
pid_kp0.200_ki0.015_kd0.100,pid,0.2,0.015,0.1,step64-96,PASS,2.2508708922702896,0.8842167300379764,17.86019486297667,0.9037510798591388,0.5725740777036712,2.696171158701702,0.025,0.0,20,True,32.0,calibrated case passed
pid_kp0.200_ki0.015_kd0.100,pid,0.2,0.015,0.1,step96-64,PASS,2.2511477679723,0.8916671613838634,17.82845614875758,0.9110207632155781,0.5803906046527352,2.717703536086553,0.025,0.0,20,True,32.0,calibrated case passed
pid_kp0.200_ki0.015_kd0.100,pid,0.2,0.015,0.1,multistep,EXPLAINED_TRANSIENT,8.76361183248394,3.6781914126947384,52.52508224907362,3.3063974730782286,1.8321164589321937,9.621771033914069,0.0875,0.0,35,True,66.0,max full-window error is explained by rate-limited target-change transient
pid_kp0.200_ki0.015_kd0.100,pid,0.2,0.015,0.1,lower-range,PASS,1.6381636611063233,0.8296232042821725,11.834803891601403,0.741014835395137,0.5531518362625868,1.9358313913843332,0.025,0.0,20,True,26.0,calibrated case passed
pid_kp0.200_ki0.015_kd0.100,pid,0.2,0.015,0.1,sine-approx,PASS,0.9487307872325318,0.8449527327898677,1.4991812662512558,0.05187324082275779,0.05187324082275779,0.05187324082275779,0.0,0.0,26,False,3.6619807040331978,calibrated case passed
pid_kp0.200_ki0.015_kd0.200,pid,0.2,0.015,0.2,hold-y-eq,PASS,0.021129865281986723,0.013114272579264253,0.0700011826243383,0.021129865281986723,0.013114272579264253,0.0700011826243383,0.0,0.0,0,False,0.0,calibrated case passed
pid_kp0.200_ki0.015_kd0.200,pid,0.2,0.015,0.2,step64-96,PASS,2.250225134204718,0.8840018292754733,17.860260511560526,0.9385516763830233,0.5931220119039605,2.8514860484137614,0.025,0.0,20,True,32.0,calibrated case passed
pid_kp0.200_ki0.015_kd0.200,pid,0.2,0.015,0.2,step96-64,PASS,2.2503747911551786,0.8914419498891268,17.82835767588182,0.9458171139271497,0.600927869442795,2.8732593631670156,0.025,0.0,20,True,32.0,calibrated case passed
pid_kp0.200_ki0.015_kd0.200,pid,0.2,0.015,0.2,multistep,EXPLAINED_TRANSIENT,8.76006078006456,3.6932713610569485,52.57218942186921,3.3224879616247187,1.8726683261350678,9.87685474354532,0.0875,0.0,35,True,66.0,max full-window error is explained by rate-limited target-change transient
pid_kp0.200_ki0.015_kd0.200,pid,0.2,0.015,0.2,lower-range,PASS,1.6622013753469125,0.8627597877557711,11.83473824301754,0.7941881137020517,0.589182181451084,2.1993256590647974,0.025,0.0,20,True,26.0,calibrated case passed
pid_kp0.200_ki0.015_kd0.200,pid,0.2,0.015,0.2,sine-approx,PASS,0.9243576084876706,0.8219984455419173,1.4586277007955957,0.05187324082275779,0.05187324082275779,0.05187324082275779,0.0,0.0,26,False,3.6619807040331978,calibrated case passed
pid_kp0.300_ki0.005_kd0.050,pid,0.3,0.005,0.05,hold-y-eq,PASS,0.034026627772637645,0.03111634987739187,0.0700011826243383,0.034026627772637645,0.03111634987739187,0.0700011826243383,0.0,0.0,0,False,0.0,calibrated case passed
pid_kp0.300_ki0.005_kd0.050,pid,0.3,0.005,0.05,step64-96,PASS,2.077264039617442,0.6750558774800111,17.874984271473295,0.5009187779603759,0.4192310855128798,0.8921764027837611,0.025,0.0,20,True,32.0,calibrated case passed
pid_kp0.300_ki0.005_kd0.050,pid,0.3,0.005,0.05,step96-64,PASS,2.078055463525457,0.7061358021669484,17.806272036012658,0.5353917300775812,0.45167144581533564,0.9534783711642376,0.025,0.0,20,True,32.0,calibrated case passed
pid_kp0.300_ki0.005_kd0.050,pid,0.3,0.005,0.05,multistep,EXPLAINED_TRANSIENT,8.124401061101851,2.8068089180758875,52.26053340052775,1.3293160291979207,0.9579958993289621,2.9974852088029778,0.0875,0.0,35,True,66.0,max full-window error is explained by rate-limited target-change transient
pid_kp0.300_ki0.005_kd0.050,pid,0.3,0.005,0.05,lower-range,PASS,1.4855234497728784,0.5295008095379248,11.820014483104778,0.3772014001134149,0.28870331438959385,0.6941773843359655,0.025,0.0,20,True,26.0,calibrated case passed
pid_kp0.300_ki0.005_kd0.050,pid,0.3,0.005,0.05,sine-approx,PASS,0.4850652546159642,0.4323490629414971,0.7934772966402761,0.05187324082275779,0.05187324082275779,0.05187324082275779,0.0,0.0,1,False,3.754427160965548,calibrated case passed
pid_kp0.300_ki0.005_kd0.100,pid,0.3,0.005,0.1,hold-y-eq,PASS,0.034022591029326935,0.03111968299292478,0.0700011826243383,0.034022591029326935,0.03111968299292478,0.0700011826243383,0.0,0.0,0,False,0.0,calibrated case passed
pid_kp0.300_ki0.005_kd0.100,pid,0.3,0.005,0.1,step64-96,PASS,2.077340244280943,0.672209001152314,17.875018891668674,0.5087733033332322,0.42556870565429733,0.9244783730185588,0.025,0.0,20,True,32.0,calibrated case passed
pid_kp0.300_ki0.005_kd0.100,pid,0.3,0.005,0.1,step96-64,PASS,2.0779789540687292,0.7033076252860246,17.806220105719575,0.5432720760060844,0.45802803015492183,0.9858942431282571,0.025,0.0,20,True,32.0,calibrated case passed
pid_kp0.300_ki0.005_kd0.100,pid,0.3,0.005,0.1,multistep,EXPLAINED_TRANSIENT,8.1236198045719,2.8052073206711006,52.27373910506195,1.326656353078692,0.9577512345907643,3.0347421612307315,0.0875,0.0,35,True,66.0,max full-window error is explained by rate-limited target-change transient
pid_kp0.300_ki0.005_kd0.100,pid,0.3,0.005,0.1,lower-range,PASS,1.488998733069516,0.5509998811895783,11.819979862909392,0.3882479853574355,0.2969572096603805,0.7734744562455802,0.025,0.0,20,True,26.0,calibrated case passed
pid_kp0.300_ki0.005_kd0.100,pid,0.3,0.005,0.1,sine-approx,PASS,0.4800864007868671,0.4260410483401828,0.9618168866606851,0.05187324082275779,0.05187324082275779,0.05187324082275779,0.0,0.0,1,False,3.754427160965548,calibrated case passed
pid_kp0.300_ki0.005_kd0.200,pid,0.3,0.005,0.2,hold-y-eq,PASS,0.03403479422206795,0.031126359807825566,0.0700011826243383,0.03403479422206795,0.031126359807825566,0.0700011826243383,0.0,0.0,0,False,0.0,calibrated case passed
pid_kp0.300_ki0.005_kd0.200,pid,0.3,0.005,0.2,step64-96,PASS,2.0873221711040686,0.6999590052054373,17.875086521348933,0.5273594497872345,0.43930148150700743,1.1437109115576334,0.025,0.0,20,True,32.0,calibrated case passed
pid_kp0.300_ki0.005_kd0.200,pid,0.3,0.005,0.2,step96-64,PASS,2.0876572628183365,0.7294820139008261,17.806118661199193,0.5618525025877378,0.471799639871057,1.2054374096383782,0.025,0.0,20,True,32.0,calibrated case passed
pid_kp0.300_ki0.005_kd0.200,pid,0.3,0.005,0.2,multistep,EXPLAINED_TRANSIENT,8.128587607994383,2.8044962169475616,52.300706818792435,1.3203787091641828,0.9566762599820224,2.9050741860839224,0.0875,0.0,35,True,66.0,max full-window error is explained by rate-limited target-change transient
pid_kp0.300_ki0.005_kd0.200,pid,0.3,0.005,0.2,lower-range,PASS,1.5308058943026928,0.600658015083994,11.819912233229132,0.41378852247669884,0.31244726303535486,1.0237536056908638,0.025,0.0,20,True,26.0,calibrated case passed
pid_kp0.300_ki0.005_kd0.200,pid,0.3,0.005,0.2,sine-approx,PASS,0.4759281260051413,0.4150108839241393,1.2984960667015315,0.05187324082275779,0.05187324082275779,0.05187324082275779,0.0,0.0,1,False,3.754427160965548,calibrated case passed
pid_kp0.300_ki0.010_kd0.050,pid,0.3,0.01,0.05,hold-y-eq,PASS,0.024761362452964425,0.018903575417046882,0.0700011826243383,0.024761362452964425,0.018903575417046882,0.0700011826243383,0.0,0.0,0,False,0.0,calibrated case passed
pid_kp0.300_ki0.010_kd0.050,pid,0.3,0.01,0.05,step64-96,PASS,2.1610976512800586,0.8282287139110176,17.866333644543133,0.7285776741089158,0.5437174847830374,1.7219809639695427,0.025,0.0,20,True,32.0,calibrated case passed
pid_kp0.300_ki0.010_kd0.050,pid,0.3,0.01,0.05,step96-64,PASS,2.1619903663718203,0.8428852773875711,17.819247976407894,0.7444103399867035,0.5589986937514244,1.7593189883550764,0.025,0.0,20,True,32.0,calibrated case passed
pid_kp0.300_ki0.010_kd0.050,pid,0.3,0.01,0.05,multistep,EXPLAINED_TRANSIENT,8.421384612034903,3.305141832442897,52.454931894977506,2.2991537568530553,1.4364903212469775,5.9948664058109316,0.0875,0.0,35,True,66.0,max full-window error is explained by rate-limited target-change transient
pid_kp0.300_ki0.010_kd0.050,pid,0.3,0.01,0.05,lower-range,PASS,1.5687423976905726,0.7085087676803175,11.82866511003494,0.5594314804754243,0.4381828935092415,1.2426892830221306,0.025,0.0,20,True,26.0,calibrated case passed
pid_kp0.300_ki0.010_kd0.050,pid,0.3,0.01,0.05,sine-approx,PASS,0.7189283680700244,0.6417919799839582,1.1242425624856835,0.05187324082275779,0.05187324082275779,0.05187324082275779,0.0,0.0,25,False,3.754427160965534,calibrated case passed
pid_kp0.300_ki0.010_kd0.100,pid,0.3,0.01,0.1,hold-y-eq,PASS,0.024756575777916293,0.01890646707615957,0.0700011826243383,0.024756575777916293,0.01890646707615957,0.0700011826243383,0.0,0.0,0,False,0.0,calibrated case passed
pid_kp0.300_ki0.010_kd0.100,pid,0.3,0.01,0.1,step64-96,PASS,2.1585323928115203,0.8274236630026193,17.866372497260073,0.7404020188512841,0.5522052373153522,1.7549944835086109,0.025,0.0,20,True,32.0,calibrated case passed
pid_kp0.300_ki0.010_kd0.100,pid,0.3,0.01,0.1,step96-64,PASS,2.1593355060948363,0.8420854791849383,17.81918969733249,0.7562469618727443,0.5674914010940921,1.792454872953222,0.025,0.0,20,True,32.0,calibrated case passed
pid_kp0.300_ki0.010_kd0.100,pid,0.3,0.01,0.1,multistep,EXPLAINED_TRANSIENT,8.417901200885368,3.2987541611358973,52.474436971092885,2.3013504553620616,1.4394154360243177,6.143134060413388,0.0875,0.0,35,True,66.0,max full-window error is explained by rate-limited target-change transient
pid_kp0.300_ki0.010_kd0.100,pid,0.3,0.01,0.1,lower-range,PASS,1.5678065616427719,0.7069084756045616,11.828626257317993,0.5777120879880013,0.4516827194096002,1.3491910851073712,0.025,0.0,20,True,26.0,calibrated case passed
pid_kp0.300_ki0.010_kd0.100,pid,0.3,0.01,0.1,sine-approx,PASS,0.709553113961675,0.6325299911721678,1.1073921374033873,0.05187324082275779,0.05187324082275779,0.05187324082275779,0.0,0.0,25,False,3.754427160965534,calibrated case passed
pid_kp0.300_ki0.010_kd0.200,pid,0.3,0.01,0.2,hold-y-eq,PASS,0.024776429106014478,0.0189122707085696,0.0700011826243383,0.024776429106014478,0.0189122707085696,0.0700011826243383,0.0,0.0,0,False,0.0,calibrated case passed
pid_kp0.300_ki0.010_kd0.200,pid,0.3,0.01,0.2,step64-96,PASS,2.1623634747924583,0.8302918597796728,17.86644873575186,0.7666732094514146,0.5701830063930079,1.9559960334291162,0.025,0.0,20,True,32.0,calibrated case passed
pid_kp0.300_ki0.010_kd0.200,pid,0.3,0.01,0.2,step96-64,PASS,2.162988357073872,0.8439326068528106,17.819075339594804,0.7825404826987493,0.5854801813905426,1.993820534458095,0.025,0.0,20,True,32.0,calibrated case passed
pid_kp0.300_ki0.010_kd0.200,pid,0.3,0.01,0.2,multistep,EXPLAINED_TRANSIENT,8.41766941938856,3.2980222543816957,52.514429723094835,2.3071102234219465,1.4450558081627383,6.275122130090075,0.0875,0.0,35,True,66.0,max full-window error is explained by rate-limited target-change transient
pid_kp0.300_ki0.010_kd0.200,pid,0.3,0.01,0.2,lower-range,PASS,1.6008926435381639,0.7619679116322311,11.828550018826206,0.6174769619886419,0.4772869041987386,1.672425561246115,0.025,0.0,20,True,26.0,calibrated case passed
pid_kp0.300_ki0.010_kd0.200,pid,0.3,0.01,0.2,sine-approx,PASS,0.6945675839874144,0.6141915682976044,1.382665861711729,0.05187324082275779,0.05187324082275779,0.05187324082275779,0.0,0.0,1,False,3.754427160965548,calibrated case passed
pid_kp0.300_ki0.015_kd0.050,pid,0.3,0.015,0.05,hold-y-eq,PASS,0.020370098035535626,0.013070417831762526,0.0700011826243383,0.020370098035535626,0.013070417831762526,0.0700011826243383,0.0,0.0,0,False,0.0,calibrated case passed
pid_kp0.300_ki0.015_kd0.050,pid,0.3,0.015,0.05,step64-96,PASS,2.2394449809309185,0.8782997377878436,17.860327056097404,0.854261606999173,0.5599689209168875,2.440714284077984,0.025,0.0,20,True,32.0,calibrated case passed
pid_kp0.300_ki0.015_kd0.050,pid,0.3,0.015,0.05,step96-64,PASS,2.239874316000467,0.8861830085150814,17.82825785907646,0.8621784417261558,0.5682263655515233,2.4632266528804863,0.025,0.0,20,True,32.0,calibrated case passed
pid_kp0.300_ki0.015_kd0.050,pid,0.3,0.015,0.05,multistep,EXPLAINED_TRANSIENT,8.705146396385892,3.568582227707038,52.490154329980726,3.098342980595027,1.6763926556039905,8.85193685333013,0.1,0.0,35,True,66.0,max full-window error is explained by rate-limited target-change transient
pid_kp0.300_ki0.015_kd0.050,pid,0.3,0.015,0.05,lower-range,PASS,1.6513589378031328,0.8199144046762274,11.834671698480662,0.6722194972995916,0.5081053539707974,1.7016092071505398,0.025,0.0,20,True,26.0,calibrated case passed
pid_kp0.300_ki0.015_kd0.050,pid,0.3,0.015,0.05,sine-approx,PASS,0.963805471491703,0.8605679674405448,1.5085807384563523,0.05187324082275779,0.05187324082275779,0.05187324082275779,0.0,0.0,25,False,3.754427160965534,calibrated case passed
pid_kp0.300_ki0.015_kd0.100,pid,0.3,0.015,0.1,hold-y-eq,PASS,0.020365008681084387,0.013071498643346224,0.0700011826243383,0.020365008681084387,0.013071498643346224,0.0700011826243383,0.0,0.0,0,False,0.0,calibrated case passed
pid_kp0.300_ki0.015_kd0.100,pid,0.3,0.015,0.1,step64-96,PASS,2.234213411034824,0.8781285989528383,17.860356884411374,0.8688953490039016,0.5690540044831757,2.474237675680314,0.025,0.0,20,True,32.0,calibrated case passed
pid_kp0.300_ki0.015_kd0.100,pid,0.3,0.015,0.1,step96-64,PASS,2.234584303775232,0.8860086619020141,17.82821311660554,0.8768120882114576,0.5773079590003536,2.4968444141200337,0.025,0.0,20,True,32.0,calibrated case passed
pid_kp0.300_ki0.015_kd0.100,pid,0.3,0.015,0.1,multistep,EXPLAINED_TRANSIENT,8.703083521124933,3.556997830312656,52.51125388333867,3.0953484709882657,1.6785788467591611,9.156505047466858,0.0875,0.0,35,True,66.0,max full-window error is explained by rate-limited target-change transient
pid_kp0.300_ki0.015_kd0.100,pid,0.3,0.015,0.1,lower-range,PASS,1.6463988331534947,0.8198453037429552,11.834641870166713,0.6962844670785286,0.5247030234677142,1.8357192127841486,0.025,0.0,20,True,26.0,calibrated case passed
pid_kp0.300_ki0.015_kd0.100,pid,0.3,0.015,0.1,sine-approx,PASS,0.9534475189799437,0.8508680857677742,1.4915264547529858,0.05187324082275779,0.05187324082275779,0.05187324082275779,0.0,0.0,25,False,3.754427160965534,calibrated case passed
pid_kp0.300_ki0.015_kd0.200,pid,0.3,0.015,0.2,hold-y-eq,PASS,0.02039264334290199,0.013073661663738889,0.0700011826243383,0.02039264334290199,0.013073661663738889,0.0700011826243383,0.0,0.0,0,False,0.0,calibrated case passed
pid_kp0.300_ki0.015_kd0.200,pid,0.3,0.015,0.2,step64-96,PASS,2.2320040554906817,0.8777931681921409,17.860414726651527,0.9007123802423526,0.588159799511129,2.655366276030108,0.025,0.0,20,True,32.0,calibrated case passed
pid_kp0.300_ki0.015_kd0.200,pid,0.3,0.015,0.2,step96-64,PASS,2.232260265520721,0.8856671651448866,17.82812635324531,0.908632791934582,0.5964077708694924,2.678288748119634,0.025,0.0,20,True,32.0,calibrated case passed
pid_kp0.300_ki0.015_kd0.200,pid,0.3,0.015,0.2,multistep,EXPLAINED_TRANSIENT,8.697364860330747,3.5696465776196304,52.55483745482948,3.117271603733574,1.7149720253769352,9.588647655538644,0.0875,0.0,35,True,66.0,max full-window error is explained by rate-limited target-change transient
pid_kp0.300_ki0.015_kd0.200,pid,0.3,0.015,0.2,lower-range,PASS,1.671739423733066,0.8566238236962296,11.834584027926539,0.748655008771433,0.5568312376257064,2.234748981490384,0.025,0.0,20,True,26.0,calibrated case passed
pid_kp0.300_ki0.015_kd0.200,pid,0.3,0.015,0.2,sine-approx,PASS,0.9354462860975353,0.8315122222578989,1.4668356567219405,0.05187324082275779,0.05187324082275779,0.05187324082275779,0.0,0.0,1,False,3.754427160965548,calibrated case passed
pid_kp0.350_ki0.005_kd0.050,pid,0.35,0.005,0.05,hold-y-eq,PASS,0.03331319606401099,0.03061531774107564,0.0700011826243383,0.03331319606401099,0.03061531774107564,0.0700011826243383,0.0,0.0,0,False,0.0,calibrated case passed
pid_kp0.350_ki0.005_kd0.050,pid,0.35,0.005,0.05,step64-96,PASS,2.0743905211629077,0.6663626666638301,17.874312343547487,0.48813140408735495,0.4097441905529938,0.8530196044633129,0.025,0.0,20,True,32.0,calibrated case passed
pid_kp0.350_ki0.005_kd0.050,pid,0.35,0.005,0.05,step96-64,PASS,2.0751095796835997,0.6971989565754345,17.807279927901334,0.5223468191750461,0.4419358057807135,0.9125594382618587,0.025,0.0,20,True,32.0,calibrated case passed
pid_kp0.350_ki0.005_kd0.050,pid,0.35,0.005,0.05,multistep,EXPLAINED_TRANSIENT,8.115524010454605,2.790160586933608,52.24522329798634,1.2867667723621434,0.9313520832180499,2.9477440531795054,0.0875,0.0,35,True,66.0,max full-window error is explained by rate-limited target-change transient
pid_kp0.350_ki0.005_kd0.050,pid,0.35,0.005,0.05,lower-range,PASS,1.498038301596143,0.5373332630866008,11.820686411030572,0.3635924154842432,0.27759271833763915,0.6845989331411602,0.025,0.0,20,True,26.0,calibrated case passed
pid_kp0.350_ki0.005_kd0.050,pid,0.35,0.005,0.05,sine-approx,PASS,0.5484431195217196,0.4890983487319532,0.9618168866606851,0.05187324082275779,0.05187324082275779,0.05187324082275779,0.0,0.0,1,False,3.754427160965548,calibrated case passed
pid_kp0.350_ki0.005_kd0.100,pid,0.35,0.005,0.1,hold-y-eq,PASS,0.033312427418586234,0.030618228009051406,0.0700011826243383,0.033312427418586234,0.030618228009051406,0.0700011826243383,0.0,0.0,0,False,0.0,calibrated case passed
pid_kp0.350_ki0.005_kd0.100,pid,0.35,0.005,0.1,step64-96,PASS,2.074036725287953,0.6635027183106703,17.8743437792416,0.49560063248330605,0.41576638662661186,0.8888798229321253,0.025,0.0,20,True,32.0,calibrated case passed
pid_kp0.350_ki0.005_kd0.100,pid,0.35,0.005,0.1,step96-64,PASS,2.0746114263248385,0.6943566212839105,17.807232774360187,0.5298405994061485,0.44797598385822957,0.9490716987651169,0.025,0.0,20,True,32.0,calibrated case passed
pid_kp0.350_ki0.005_kd0.100,pid,0.35,0.005,0.1,multistep,EXPLAINED_TRANSIENT,8.113935418545978,2.7886130002143594,52.257579789619385,1.2854457062373577,0.9316866293702787,3.005322466767872,0.0875,0.0,35,True,66.0,max full-window error is explained by rate-limited target-change transient
pid_kp0.350_ki0.005_kd0.100,pid,0.35,0.005,0.1,lower-range,PASS,1.5007075725451793,0.5548887719253552,11.820654975336474,0.374573692483848,0.2854681417861775,0.7906818893710863,0.025,0.0,20,True,26.0,calibrated case passed
pid_kp0.350_ki0.005_kd0.100,pid,0.35,0.005,0.1,sine-approx,PASS,0.545299993578373,0.4843063386705677,1.1301564766811083,0.05187324082275779,0.05187324082275779,0.05187324082275779,0.0,0.0,1,False,3.754427160965548,calibrated case passed
pid_kp0.350_ki0.005_kd0.200,pid,0.35,0.005,0.2,hold-y-eq,PASS,0.033335865262472016,0.030624055882119628,0.0700011826243383,0.033335865262472016,0.030624055882119628,0.0700011826243383,0.0,0.0,0,False,0.0,calibrated case passed
pid_kp0.350_ki0.005_kd0.200,pid,0.35,0.005,0.2,step64-96,PASS,2.0834436956829805,0.6888300640226354,17.874401561990396,0.5142107225176447,0.42907100299412615,1.1421192293076956,0.025,0.0,20,True,32.0,calibrated case passed
pid_kp0.350_ki0.005_kd0.200,pid,0.35,0.005,0.2,step96-64,PASS,2.0837331523018228,0.7181448771297284,17.807146100236963,0.5484139569609722,0.461317579718624,1.2026303324528556,0.025,0.0,20,True,32.0,calibrated case passed
pid_kp0.350_ki0.005_kd0.200,pid,0.35,0.005,0.2,multistep,EXPLAINED_TRANSIENT,8.117301674309342,2.781360157122294,52.28353387390145,1.281543855917413,0.931716006691203,2.902284874151796,0.0875,0.0,35,True,66.0,max full-window error is explained by rate-limited target-change transient
pid_kp0.350_ki0.005_kd0.200,pid,0.35,0.005,0.2,lower-range,PASS,1.5442642937176418,0.6098849206620183,11.82059719258767,0.40458663050289695,0.30021759170012413,1.1231034407036944,0.025,0.0,20,True,26.0,calibrated case passed
pid_kp0.350_ki0.005_kd0.200,pid,0.35,0.005,0.2,sine-approx,PASS,0.5448270612686867,0.47529779087216245,1.4668356567219405,0.05187324082275779,0.05187324082275779,0.05187324082275779,0.0,0.0,1,False,3.754427160965548,calibrated case passed
pid_kp0.350_ki0.010_kd0.050,pid,0.35,0.01,0.05,hold-y-eq,PASS,0.02431641796960569,0.018792332705297277,0.0700011826243383,0.02431641796960569,0.018792332705297277,0.0700011826243383,0.0,0.0,0,False,0.0,calibrated case passed
pid_kp0.350_ki0.010_kd0.050,pid,0.35,0.01,0.05,step64-96,PASS,2.1560864085509888,0.8219935661393618,17.866125398847743,0.7140735619844937,0.5378733506667274,1.6481166522772384,0.025,0.0,20,True,32.0,calibrated case passed
pid_kp0.350_ki0.010_kd0.050,pid,0.35,0.01,0.05,step96-64,PASS,2.1569980650532563,0.8368425765854047,17.819560344950986,0.7301499836800057,0.5533552025922984,1.6853993106866199,0.025,0.0,20,True,32.0,calibrated case passed
pid_kp0.350_ki0.010_kd0.050,pid,0.35,0.01,0.05,multistep,EXPLAINED_TRANSIENT,8.403716002060342,3.281572711598139,52.44034079286024,2.226477886818586,1.4067733170626424,5.864121392151738,0.0875,0.0,35,True,66.0,max full-window error is explained by rate-limited target-change transient
pid_kp0.350_ki0.010_kd0.050,pid,0.35,0.01,0.05,lower-range,PASS,1.581074743852106,0.7017249008337336,11.82887335573033,0.541828658682417,0.4246215401559231,1.212767527081425,0.025,0.0,20,True,26.0,calibrated case passed
pid_kp0.350_ki0.010_kd0.050,pid,0.35,0.01,0.05,sine-approx,PASS,0.7522697381995873,0.671842494041155,1.163369641638873,0.05187324082275779,0.05187324082275779,0.05187324082275779,0.0,0.0,24,False,3.754427160965548,calibrated case passed
pid_kp0.350_ki0.010_kd0.100,pid,0.35,0.01,0.1,hold-y-eq,PASS,0.024316431031603677,0.01879516396890093,0.0700011826243383,0.024316431031603677,0.01879516396890093,0.0700011826243383,0.0,0.0,0,False,0.0,calibrated case passed
pid_kp0.350_ki0.010_kd0.100,pid,0.35,0.01,0.1,step64-96,PASS,2.153085106552565,0.8211362797020925,17.866161446670617,0.7252422049562394,0.545959548094986,1.6806299464076204,0.025,0.0,20,True,32.0,calibrated case passed
pid_kp0.350_ki0.010_kd0.100,pid,0.35,0.01,0.1,step96-64,PASS,2.153911977137212,0.8359909775611966,17.81950627321669,0.7413314390643982,0.5614469807271107,1.7180453188383211,0.025,0.0,20,True,32.0,calibrated case passed
pid_kp0.350_ki0.010_kd0.100,pid,0.35,0.01,0.1,multistep,EXPLAINED_TRANSIENT,8.399570687646506,3.2789752482517613,52.45877855419823,2.2302154831390344,1.4101285085306239,6.047392119342852,0.0875,0.0,35,True,66.0,max full-window error is explained by rate-limited target-change transient
pid_kp0.350_ki0.010_kd0.100,pid,0.35,0.01,0.1,lower-range,PASS,1.579846710274238,0.7105703278156456,11.828837307907463,0.5597598144636698,0.4374903923307777,1.348003113795933,0.025,0.0,20,True,26.0,calibrated case passed
pid_kp0.350_ki0.010_kd0.100,pid,0.35,0.01,0.1,sine-approx,PASS,0.7446805873293215,0.6639034532257895,1.21432627169132,0.05187324082275779,0.05187324082275779,0.05187324082275779,0.0,0.0,1,False,3.754427160965548,calibrated case passed
pid_kp0.350_ki0.010_kd0.200,pid,0.35,0.01,0.2,hold-y-eq,PASS,0.02435279088352586,0.018800845818868338,0.0700011826243383,0.02435279088352586,0.018800845818868338,0.0700011826243383,0.0,0.0,0,False,0.0,calibrated case passed
pid_kp0.350_ki0.010_kd0.200,pid,0.35,0.01,0.2,step64-96,PASS,2.156149051343146,0.8215135745727921,17.86622777293313,0.7507684648559019,0.5633354332261439,1.9056649276031123,0.025,0.0,20,True,32.0,calibrated case passed
pid_kp0.350_ki0.010_kd0.200,pid,0.35,0.01,0.2,step96-64,PASS,2.1568091215274183,0.8353582496862894,17.8194067838229,0.7668793839795951,0.5788353612173903,1.9434719689854063,0.025,0.0,20,True,32.0,calibrated case passed
pid_kp0.350_ki0.010_kd0.200,pid,0.35,0.01,0.2,multistep,EXPLAINED_TRANSIENT,8.398046503726006,3.2796772413284843,52.497519651002634,2.239277710007312,1.4166270050519965,6.235541593419587,0.0875,0.0,35,True,66.0,max full-window error is explained by rate-limited target-change transient
pid_kp0.350_ki0.010_kd0.200,pid,0.35,0.01,0.2,lower-range,PASS,1.616050513557401,0.7669651770301125,11.828770981644936,0.6027461492133629,0.4615767218611873,1.7609900534382916,0.025,0.0,20,True,26.0,calibrated case passed
pid_kp0.350_ki0.010_kd0.200,pid,0.35,0.01,0.2,sine-approx,PASS,0.7337547777026808,0.6482977413803499,1.551005451732152,0.05187324082275779,0.05187324082275779,0.05187324082275779,0.0,0.0,1,False,3.754427160965548,calibrated case passed
pid_kp0.350_ki0.015_kd0.050,pid,0.35,0.015,0.05,hold-y-eq,PASS,0.020018268538915546,0.01304626275921592,0.0700011826243383,0.020018268538915546,0.01304626275921592,0.0700011826243383,0.0,0.0,0,False,0.0,calibrated case passed
pid_kp0.350_ki0.015_kd0.050,pid,0.35,0.015,0.05,step64-96,PASS,2.232600190904268,0.8750679242156668,17.86037109371101,0.8391948508594451,0.5582834629126444,2.3382030950987485,0.025,0.0,20,True,32.0,calibrated case passed
pid_kp0.350_ki0.015_kd0.050,pid,0.35,0.015,0.05,step96-64,PASS,2.2330669462383814,0.8831500449503406,17.828191802656107,0.8474018067533774,0.5667438286767387,2.3611428277701307,0.025,0.0,20,True,32.0,calibrated case passed
pid_kp0.350_ki0.015_kd0.050,pid,0.35,0.015,0.05,multistep,EXPLAINED_TRANSIENT,8.678253419114641,3.5539003638848343,52.48345715397093,3.005762036628876,1.6526176490957623,8.624252966679585,0.1,0.0,35,True,66.0,max full-window error is explained by rate-limited target-change transient
pid_kp0.350_ki0.015_kd0.050,pid,0.35,0.015,0.05,lower-range,PASS,1.6536856185014421,0.8122217332210357,11.83462766086707,0.6584355161701035,0.49924924258827075,1.6660209161872785,0.0375,0.0,20,True,26.0,calibrated case passed
pid_kp0.350_ki0.015_kd0.050,pid,0.35,0.015,0.05,sine-approx,PASS,0.9764567600502163,0.8709919619593582,1.5183751823351344,0.05187324082275779,0.05187324082275779,0.05187324082275779,0.0,0.0,25,False,3.754427160965534,calibrated case passed
pid_kp0.350_ki0.015_kd0.100,pid,0.35,0.015,0.1,hold-y-eq,PASS,0.020019270988293,0.01304739631041425,0.0700011826243383,0.020019270988293,0.01304739631041425,0.0700011826243383,0.0,0.0,0,False,0.0,calibrated case passed
pid_kp0.350_ki0.015_kd0.100,pid,0.35,0.015,0.1,step64-96,PASS,2.2269530250666207,0.8748662017736188,17.860399665850792,0.8529016959693514,0.566945743007647,2.3661136798981914,0.025,0.0,20,True,32.0,calibrated case passed
pid_kp0.350_ki0.015_kd0.100,pid,0.35,0.015,0.1,step96-64,PASS,2.2273639631260105,0.8829459166031896,17.82814894444641,0.861110018698042,0.5754035895804666,2.389164347301616,0.025,0.0,20,True,32.0,calibrated case passed
pid_kp0.350_ki0.015_kd0.100,pid,0.35,0.015,0.1,multistep,EXPLAINED_TRANSIENT,8.677571733624058,3.536335237865304,52.50365397128115,3.0010603195541767,1.6498126106649782,9.002031417827105,0.1,0.0,35,True,66.0,max full-window error is explained by rate-limited target-change transient
pid_kp0.350_ki0.015_kd0.100,pid,0.35,0.015,0.1,lower-range,PASS,1.6587514585914493,0.8169950235532427,11.83459908872728,0.6772198501583215,0.5119051196770364,1.8225382483779384,0.025,0.0,20,True,26.0,calibrated case passed
pid_kp0.350_ki0.015_kd0.100,pid,0.35,0.015,0.1,sine-approx,PASS,0.9674882013606451,0.8621625204368479,1.5025168821717187,0.05187324082275779,0.05187324082275779,0.05187324082275779,0.0,0.0,25,False,3.754427160965534,calibrated case passed
pid_kp0.350_ki0.015_kd0.200,pid,0.35,0.015,0.2,hold-y-eq,PASS,0.020068197075026228,0.013049665984780922,0.0700011826243383,0.020068197075026228,0.013049665984780922,0.0700011826243383,0.0,0.0,0,False,0.0,calibrated case passed
pid_kp0.350_ki0.015_kd0.200,pid,0.35,0.015,0.2,step64-96,PASS,2.223864094474089,0.8744687239831659,17.860449776057493,0.8833991635830987,0.585407465643892,2.560265600053114,0.025,0.0,20,True,32.0,calibrated case passed
pid_kp0.350_ki0.015_kd0.200,pid,0.35,0.015,0.2,step96-64,PASS,2.224167677233119,0.8825446643793822,17.828073779136346,0.891615147351268,0.5938615999249975,2.5836744439547346,0.025,0.0,20,True,32.0,calibrated case passed
pid_kp0.350_ki0.015_kd0.200,pid,0.35,0.015,0.2,multistep,EXPLAINED_TRANSIENT,8.671588271176523,3.5367411561972437,52.546595389316494,3.0271283872601047,1.6648050793911702,9.523569117839553,0.0875,0.0,35,True,66.0,max full-window error is explained by rate-limited target-change transient
pid_kp0.350_ki0.015_kd0.200,pid,0.35,0.015,0.2,lower-range,PASS,1.6886090565532907,0.8631514401751541,11.834548978520573,0.7328197462133373,0.5423291388674523,2.319673814519099,0.025,0.0,20,True,26.0,calibrated case passed
pid_kp0.350_ki0.015_kd0.200,pid,0.35,0.015,0.2,sine-approx,PASS,0.9528020108840083,0.8447913241915765,1.6351752467423637,0.05187324082275779,0.05187324082275779,0.05187324082275779,0.0,0.0,1,False,3.754427160965548,calibrated case passed
